NID ID,lat,lon,dam_name,owner_name,county,city,state,max_storage_acft,estimated_head,annual_mean_flow_cfs,regional_cap_factor,potential_cap_mw,huc12,site_id
WI00727,44.3249232,-91.9215791,LOCK & DAM #4,CEMVP,BUFFALO,ALMA,MN,878000,7,28206.67508,55.99000942,25.25088937,70400030601,5378500
WI00589,44.16216,-91.81022,LOCK & DAM NO 5,DAEN NCS (CORPS OF ENGR),Buffalo,MINONA,MN,106600,9,29155.16507,55.99000942,33.55712591,70400030604,5378500
MN00588,44.0888084,-91.66816517,LOCK & DAM #5A,CEMVP,WINONA,WINONA,MN,260000,5,30495.34793,55.99000942,19.49980823,70400030606,5378500
RI00809,41.97145353,-71.47084333,MANVILLE,"CUMBERLAND, TOWN OF",PROVIDENCE,CUMBERLAND / LINCOLN,RI,349,15,815.0445434,52.2267258,1.720863999,10900030208,1113895
RI00808,41.95422767,-71.4535358,ALBION, ,PROVIDENCE,CUMBERLAND / LINCOLN,RI,347,12,823.5990332,52.2267258,1.422757414,10900030208,1113895
WI00296,42.66939773,-89.03152557,MONTEREY,CITY OF JANESVILLE,Rock,JANESVILLE,WI,340,7,1431.81921,55.99000942,1.281778457,70900021303,5430500
WV09101,39.31293794,-80.03392405,TYGART DAM,CELRP,TAYLOR,GRAFTON,WV,355000,133,2359.579992,47.97966865,46.99301639,50200010706,3056000
KS00009,39.11408747,-95.4261717,PERRY DAM,CENWK,JEFFERSON,"PERRY, KS",KS,770000,84,220.54223,38.31611163,3.490848699,1.03E+11,6890900
OH01102,40.21553154,-80.96267172,GEORGETOWN UPPER POND NO. 2 DAM,Doug Outward,HARRISON,St Clairsville,OH,81,15,638.0368651,47.97966865,1.486376105,50301060201,3111500
WV10924,37.59963274,-81.82077638,R D BAILEY DAM,CELRH,WYOMING AND MINGO,JUSTICE,WV,203700,144,702.275896,47.97966865,15.11098669,50701010503,3203600
PA01132,41.89822694,-77.13890786,TIOGA DAM,CENAB,TIOGA,TIOGA,PA,143200,101,305.16292,47.57269905,4.639088179,20501040907,1518000
TX00014,31.02266342,-97.53181203,STILLHOUSE-HOLLOW DAM,CESWF,BELL,CAMERON,TX,1013800,145,238.70839,24.57349343,10.11491428,1.21E+11,8104100
PA00007,39.92253434,-76.75402339,YORK INDIAN ROCK DAM,CENAB,YORK,YORK,PA,48000,66,122.61742,47.57269905,1.218079408,20503060704,1575500
NY00963,42.83003007,-73.9909488,LOCK E-8 DAM AT SCOTIA,NYS CANAL CORP,SCHENECTADY,SCOTIA,NY,1939,11,6691.57502,47.57269905,11.28043548,20200041108,1354500
OH00005,40.63531094,-81.55800092,BEACH CITY DAM,CELRH,TUSCARAWAS,BEACH CITY,OH,71700,55,241.03904,47.97966865,1.978472955,50400011103,3124500
IN00806,41.66303527,-86.17717538,BALL BAND DAM (IN-CHANNEL), ,St. Joseph,Mishawaka,IN,291,7,3089.131789,66.29963798,2.335396385,40500012204,4101225
WV07723,39.49045427,-79.63913772,Albright Bridge Dam,Gary R. Haag,Preston County,Albright,WV,120,5,2061.356928,47.97966865,1.722746053,50200040704,3070260
MI00361,43.32481,-83.74167,Frankenmuth Dam,City of Frankenmuth,Saginaw,Frankenmuth,MI,75,16,589.1845858,66.29963798,1.024479752,40802050305,4151500
PA00285,40.59449207,-79.09882492,TWO LICK CREEK,EME HOMER CITY GENERATION L.P.,INDIANA, ,PA,23000,63,134.8454871,47.97966865,1.267818269,50100070804,3042500
NY01211,42.32911247,-75.22999393,EAST SIDNEY DAM,CENAB,OTSEGO,UNADILLA,NY,58350,59,163.8781438,47.57269905,1.455300035,20501011005,1500000
OK02537,35.48602348,-97.66658649,OVERHOLSER,CITY OF OKLAHOMA CITY,OKLAHOMA,OKLAHOMA CITY,OK,31100,42,606.00688,35.84313703,5.169359085,1.11E+11,7241000
TX05020,32.76149062,-97.33146676,NUTT DAM,TARRANT REGIONAL WATER DISTRICT,TARRANT,FORT WORTH,TX,5000,11,530.91676,24.57349343,1.73266595,1.20E+11,8048000
VT00003,43.3389236,-72.50748553,NORTH SPRINGFIELD DAM,CENAE,WINDSOR,SPRINGFIELD,VT,76500,46,254.7883,52.2267258,1.614209629,10801060505,1153000
CO00976,40.55683434,-107.3863286,ELKHEAD CREEK,CITY OF CRAIG,MOFFAT,CRAIG,CO,37000,80,68.10007504,31.24756912,1.248413982,1.41E+11,9246500
IA01270,41.94449167,-91.63053503,CEDAR RAPIDS MILLDAM IEL&P,IOWA ELECTRIC LIGHT & POWER CO.,LINN,CEDAR RAPIDS,IA,1440,5,3178.12547,55.99000942,2.27607102,70802060401,5464730
TX01542,28.97711269,-96.01223083,LCRA DAM BAY CITY,LOWER COLORADO RIVER AUTHORITY,MATAGORDA,NONE,TX,156,9,4124.1216,24.57349343,10.93561563,1.21E+11,8162500
GA05180,32.46965828,-84.99665091,EAGLE AND PHOENIX MILL LAKE DAM,"FIELDCREST MILLS, INC.",MUSCOGEE, ,AL,486,9,8308.69993,26.66105829,21.86850276,31300030304,2341460
PA00102,40.71402307,-79.50829225,CROOKED CREEK DAM,CELRP,ARMSTRONG,ROSSTON,PA,132000,80,505.702805,47.97966865,6.075349717,50100061005,3039000
NY00957,43.01417,-74.78416,LOCK E-16 DAM AT ROCKY RIFT,NYS CANAL CORP,HERKIMER,LITTLE FALLS,NY,1275,4,2644.547295,47.57269905,1.671783832,20200040709,1347000
KY03003,37.53140468,-87.26479544,GREEN RIVER LOCK & DAM 2,CELRL,MCLEAN,RUMSEY KENTUCKY,KY,53700,14,9689.812173,47.97966865,20.24526351,51100050202,3320000
VA05101,37.23289354,-82.34422805,JOHN W FLANNAGAN DAM,CELRH,DICKENSON,ELKHORN CITY,VA,145700,188,307.0954,47.97966865,8.616109306,50702020507,3209000
NY00558,43.43881947,-75.59030046,ROME CITY DAM AND DIKE,CITY OF ROME,LEWIS,POINT ROCK,NY,8625,59,162.1441254,66.29963798,1.041943839,41402020104,4242500
IA01213,42.53940853,-92.44878063,CEDAR FALLS MILLDAM,CITY OF CEDAR FALLS,BLACK HAWK,CEDAR FALLS,IA,1394,8,2163.55594,55.99000942,2.324203538,70802050703,5463050
AZ82203,34.23286575,-113.6013129,ALAMO DAM,CESPL,YUMA,PARKER,AZ,1409000,185,97.62018176,34.01330234,3.812167813,1.50E+11,9426000
CO02788,40.1130698,-106.4142179,RITSCHARD,COLORADO RIVER WATER CONSERVATION DISTRICT,GRAND,KREMMLING,CO,84639,122,203.92509,31.24756912,5.701006549,1.40E+11,9041400
NC00182,34.40473468,-78.29330392,LOCK AND DAM #1,CESAW,BLADEN,NAVASSA,NC,20000,11,5609.06143,26.66105829,16.5707735,30300050405,2105769
CT00378,41.79868627,-72.93143393,PHELPS DAM - NEPAUG RESERVOIR,MDC,HARTFORD,UNIONVILLE,CT,40530,46,722.7397866,52.2267258,4.647284818,10802070402,1188090
KY03055,38.11760167,-83.53235945,CAVE RUN LAKE DAM,CELRL,BATH,FARMERS,KY,614100,80,1053.417196,47.97966865,12.64755252,51001010802,3249500
AL01981,33.20871222,-87.59254284,WILLIAM BACON OLIVER REPLACEMENT,CESAM,TUSCALOOSA,TUSCALOOSA,AL,13800,28,7159.456953,26.66105829,53.83912747,31601130201,2465000
NY00410,43.27057007,-76.20613219,CAUGHDENOY DAM,NYS CANAL CORP,OSWEGO,CAUGHDENOY,NY,255360,10,2170.005825,66.29963798,2.460800043,41402020905,4247000
MA00963,42.6325426,-72.1229774,BIRCH HILL DAM,CENAE,WORCESTER,ATHOL,MA,76000,44,310.93462,52.2267258,1.875712361,10802020204,1166500
PA01547,39.99572574,-79.59445079,UNNAMED,WESTMORELAND COUNTY MUNICIPAL AUTHORITY,FAYETTE, ,PA,91,7,2529.456099,47.97966865,2.642440552,50200060904,3082500
PA00003,40.95209,-78.52301839,CURWENSVILLE DAM,CENAB,CLEARFIELD,CURWENSVILLE,PA,209000,37,583.2609239,47.57269905,3.290348929,20502010408,1541200
PA00114,40.6135564,-79.71762305,ALLEGHENY LOCK AND DAM 04,CELRP,ALLEGHENY,BRACKENRIDGE,PA,9000,11,20741.37727,47.97966865,34.04946682,50100090304,3049500
KS00021,39.47786641,-98.31482202,GLEN ELDER,DOI BR,MITCHELL,GLEN ELDER,KS,1128740,115,88.06415,38.31611163,1.89257388,1.03E+11,6875900
AZ10314,33.73190075,-114.5118585,PALO VERDE DIVERSION,DOI BR,"YUMA,AZ; RIVERSIDE, CA",MAYFLOWER,AZ,1000,46,5603.136214,34.01330234,54.25971352,1.50E+11,9429000
FL00169,28.02462416,-82.42840625,CITY OF TAMPA WATERWORKS DAM,CITY OF TAMPA,HILLSBOROUGH,TAMPA,FL,11000,25,736.07361,26.66105829,5.120129095,31002050503,2304500
MT82919,45.13004,-112.7406,BARRETTS DIVERSION,DOI BR,BEAVERHEAD,DILLON,MT,300,10,663.61585,38.31611163,1.240145393,1.00E+11,6017000
OR00013,44.1711628,-122.3276174,BLUE RIVER,CENWP,LANE,SPRINGFIELD,OR,89000,115,267.1955935,44.1638648,4.981926823,1.71E+11,14162200
OR00016,44.12005533,-123.3021609,FERN RIDGE,CENWP,LANE,EUGENE,OR,121000,40,779.7296124,44.1638648,5.056782002,1.71E+11,14170000
IN00012,41.1995482,-85.02077745,CEDARVILLE DAM, ,Allen,Cedarville,IN,7830,19,610.03713,66.29963798,1.251803026,41000030804,4180500
CA00030,40.067,-123.8,Benbow,California Department Of Parks & Recreation,Humboldt,Garberville,CA,1060,29,1021.800979,42.75315718,4.962875776,1.80E+11,11476500
NC00206,34.83539581,-78.82302352,WILLIAM O. HUSKE LOCK & DAM,CESAW,BLADEN,TAR HEEL,NC,2000,9,5149.02942,26.66105829,12.44594227,30300050102,2105500
PA00126,40.50333787,-80.08930625,EMSWORTH LOCKS AND DAMS,CELRP,ALLEGHENY,EMSWORTH,PA,42700,18,31424.27704,47.97966865,84.41465297,50301010303,3086000
NM00500,32.54783,-104.3781,BRANTLEY,DOI BR,EDDY,CARLSBAD,NM,966300,64,653.53159,28.26325019,10.62131837,1.31E+11,8401500
PA00127,40.55039667,-80.20451612,DASHIELDS LOCKS AND DAM,CELRP,ALLEGHENY,AMBRIDGE,PA,17000,10,31559.26342,47.97966865,47.09848069,50301010307,3086000
NM00132,32.49074942,-104.2521162,AVALON,DOI BR,EDDY,CARLSBAD,NM,20000,34,214.548855,28.26325019,1.848078008,1.31E+11,8403500
FL00145,29.08005449,-81.88188185,MOSS BLUFF LOCK AND SPILLWAY,SJRWMD,MARION,GRAHAMSVILLE,FL,151200,30,915.45158,26.66105829,7.572617044,30801020501,2238500
AR00158,34.95197915,-93.16036063,NIMROD,CESWL,YELL,PERRYVILLE,AR,336000,70,761.78169,35.84313703,10.65270355,1.11E+11,7263012
TX00005,32.97269942,-97.05703303,GRAPEVINE LAKE,CESWF,TARRANT,CARROLLTON,TX,788000,95,144.67217,24.57349343,4.042301446,1.20E+11,8055000
NY01074,43.18833,-73.58334,THOMPSON ISLAND DAM,NYS CANAL CORP,WASHINGTON,FT MILLER,NY,1000,10,6042.753844,47.57269905,9.550007097,20200030508,1328770
OR00008,43.78679293,-122.9547658,DORENA,CENWP,LANE,COTTAGE GROVE,OR,131000,74,809.7544653,44.1638648,9.715279144,1.71E+11,14155500
WV00049,39.00326341,-80.47429765,"STONEWALL JACKSON DAM,WV",CELRP,LEWIS,WESTON,WV,145000,91,199.9322313,47.97966865,2.715215128,50200020105,3058000
PA01134,41.9839364,-77.15159512,COWANESQUE DAM,CENAB,TIOGA,LAWRENCEVILLE,PA,171000,36,327.70144,47.57269905,1.781581045,20501040809,1520000
IA01275,41.6742574,-91.56459037,CORALVILLE MILLDAM,JOHNSON CO CONSERVATION BOARD,JOHNSON,CORALVILLE,IA,758,9,1605.71456,55.99000942,1.868686642,70802090703,5454500
IA01320,42.49733447,-92.3384531,WATERLOO MILLDAM,City of Waterloo,BLACK HAWK,WATERLOO,IA,882,4,2380.18009,55.99000942,1.491532227,70802050906,5464000
IA03064,41.65791354,-91.5409205,BURLINGTON STREET DAM,UNIVERSITY OF IOWA,JOHNSON,IOWA CITY,IA,0,14,1674.66189,55.99000942,2.998347164,70802090703,5454500
TX04101,31.55104682,-97.09760883,LAKE BRAZOS DAM,CITY OF WACO,MCLENNAN,WACO TEXAS,TX,10000,24,2669.64524,24.57349343,19.05855722,1.21E+11,8096500
NY00959,42.94478153,-74.28864453,LOCK E-12 DAM AT TRIBES HILL,NYS CANAL CORP,MONTGOMERY,TRIBES HILL,NY,4637,14,6315.505534,47.57269905,13.3080875,20200041101,1354500
NY00960,42.94612733,-74.211036,LOCK E-11 DAM AT AMSTERDAM,NYS CANAL CORP,MONTGOMERY,AMSTERDAM,NY,2500,14,6375.820996,47.57269905,13.43518476,20200041101,1354500
OH00699,39.86936514,-81.91000832,MUSKINGUM RIVER LOCK AND DAM NO. 9,"ODNR, Division of Parks & Recreation",MUSKINGUM,Columbus,OH,3120,12,6734.30488,47.97966865,12.73354796,50400040802,3150000
NY00961,42.9177798,-74.14056886,LOCK E-10 DAM AT CRANESVILLE,NYS CANAL CORP,MONTGOMERY,CRANESVILLE,NY,2500,14,6567.645048,47.57269905,13.83939805,20200041104,1354500
NY00962,42.87811653,-74.04201653,LOCK E-9 DAM AT ROTTERDAM JCT,NYS CANAL CORP,SCHENECTADY,ROTTERDAM JUNCTION,NY,3100,14,6653.500438,47.57269905,14.02031326,20200041105,1354500
OH00698,39.73262061,-81.90871632,MUSKINGUM RIVER LOCK AND DAM NO. 8,"ODNR, Division of Parks & Recreation",MORGAN,Columbus,OH,4576,14,6938.94851,47.97966865,14.49778784,50400040805,3150000
OH00032,41.04614954,-81.00249105,BERLIN DAM,CELRP,PORTAGE,PRICETOWN,OH,140000,94,250.84194,47.97966865,3.518909065,50301030306,3090500
OH00697,39.64402547,-81.85033965,MUSKINGUM RIVER LOCK AND DAM NO. 7,"ODNR, Division of Parks & Recreation",MORGAN,Columbus,OH,2999,10,6978.70183,47.97966865,11.08144284,50400040808,3150000
AL01430,32.52065708,-87.87883184,DEMOPOLIS LOCK AND DAM,CESAM,MARENGO,MCDOWELL,AL,150000,40,22113.2542,26.66105829,237.5595802,31602010401,2467000
KY01170,37.89473687,-84.26135825,KY RIVER LOCK & DAM NO 10,KY RIVER AUTHORITY,MADISON,NO TOWN,KY,0,25,4833.468237,47.97966865,18.68265838,51002050107,3284000
KY01199,37.92672034,-84.82159285,KENTUCKY RIVER LOCK & DAM 6,COMMONWEALTH OF KENTUCKY,WOODFORD,TYRONE KENTUCKY,KY,16310,20,6231.522146,47.97966865,18.59962456,51002050706,3287000
KY01204,37.67724554,-83.94808865,KENTUCKY RIVER LOCK & DAM 12,COMMONWEALTH OF KENTUCKY,ESTILL,RAVENNA KENTUCKY,KY,13250,23,3561.579121,47.97966865,12.22504516,51002040505,3282120
NY00061,41.2624394,-73.7090604,MUSCOOT DAM,CITY OF NEW YORK - DEP,WESTCHESTER,STANWOOD,NY,15000,37,495.7278259,47.57269905,2.76819512,20301010307,1375000
NY00046,41.2254384,-73.8544174,NEW CROTON RESERVOIR DAM,CITY OF NEW YORK - DEP,WESTCHESTER,CROTON-ON-HUDSON,NY,96000,98,591.8312722,47.57269905,8.792139174,20301010307,1375000
IN00810,41.0825814,-85.11589578,HOSEY (MAUMEE RIVER) DAM (IN-CHANNEL), ,Allen,Fort Wayne,IN,874,7,1601.45526,66.29963798,1.210706787,41000050102,4182900
WY01383,43.22564573,-108.9547186,WIND RIVER DIVERSION DIKE,DOI BR,FREMONT, ,WY,400,20,282.4344224,38.31611163,1.055609952,1.01E+11,6227600
MA00972,42.08194533,-72.05919147,WESTVILLE DAM,CENAE,WORCESTER,SOUTHBRIDGE,MA,24000,67,178.2617654,52.2267258,1.637485602,11000010103,1123600
MT82932,48.8521,-113.4159,SAINT MARYS DIVERSION DAM,DOI BR,GLACIER,NONE,MT,100,16,1021.26181,38.31611163,3.053605495,90400010404,5018000
OH00388,41.2911004,-84.28098805,INDEPENDENCE DAM,"ODNR, Division of Water",DEFIANCE,Columbus,OH,0,8,5599.818924,66.29963798,4.995513743,41000090203,4192500
AZ10316,33.5157,-111.6916,GRANITE REEF DIVERSION,DOI BR,MARICOPA,MESA,AZ,700,23,954.3967145,34.01330234,4.621098822,1.51E+11,9512165
FL00156,29.50861709,-81.80572505,RODMAN DAM AND SPILLWAY,FL-DEP,PUTNAM,WELAKA,FL,130000,38,2710.14219,26.66105829,27.65894261,30801021406,2243960
CA10135,39.39009,-120.0955,BOCA,DOI BR,NEVADA,"VERDI, NV",CA,40870,93,73.50659641,31.09121264,1.57437754,1.61E+11,10344500
AL01429,32.77891215,-87.84084137,A.I.SELDEN,CESAM,HALE,EASTPORT,AL,58650,22,8624.612847,26.66105829,50.95915164,31601130607,2466030
AL01431,31.75747968,-88.12944571,COFFEEVILLE LOCK AND DAM,CESAM,CHOCTAW,COFFEEVILLE,AL,190800,34,26469.90941,26.66105829,241.7081373,31602010909,2469761
CO02140,40.36465014,-106.8002453,LAKE CATAMOUNT,LAKE CATAMOUNT METRO DISTRICT,ROUTT,STEAMBOAT SPRINGS,CO,15867,52,214.42163,31.24756912,2.55501223,1.41E+11,9239500
NY00954,43.059751,-76.83772739,DAM AT LOCK E 26,NYS CANAL CORP,WAYNE,FOX RIDGE,NY,3744,19,6272.423622,66.29963798,13.27753882,41402011405,4235600
NY00958,42.99694,-76.7625,MOVABLE DAM AT MAYS POINT,NYS CANAL CORP,SENECA,FOX RIDGE,NY,504,7,1367.095646,66.29963798,1.033529952,41402011405,4235600
KY01198,38.05201874,-84.83054111,KENTUCKY RIVER LOCK & DAM 5,COMMONWEALTH OF KENTUCKY,ANDERSON,CLIFTON KENTUCKY,KY,17390,22,6383.772821,47.97966865,20.95946263,51002050708,3287250
KY03002,37.85831301,-87.41062104,GREEN RIVER LOCK & DAM 1,CELRL,HENDERSON,SPOTTSVILLE,KY,62400,8,12361.33545,47.97966865,14.75826889,51100050505,3321500
OH00015,40.3587684,-83.06903945,DELAWARE DAM,CELRH,DELAWARE,DELAWARE,OH,132000,66,327.55142,47.97966865,3.226290442,50600011006,3225500
PA00914,41.40856114,-78.01935312,GEORGE B STEVENSON,DCNR,CAMERON, ,PA,127000,41,384.3728113,47.57269905,2.388784845,20502020407,1544000
LA00001,31.09381882,-93.38931823,LOWER ANACOCO DAM,STATE OF LOUISIANA,VERNON,SAVAGE FORK COMMUNITY,LA,82500,36,184.08008,24.57349343,1.930988458,1.20E+11,8028000
KY01201,37.74576434,-84.58728285,KENTUCKY RIVER LOCK & DAM 8,COMMONWEALTH OF KENTUCKY,JESSAMINE,CAMP NELSON KENTUCKY,KY,14020,25,5391.959355,47.97966865,20.11715944,51002050308,3284500
KY01202,37.84321867,-84.44046271,KENTUCKY RIVER LOCK & DAM 9,COMMONWEALTH OF KENTUCKY,JESSAMINE,CAMP NELSON KENTUCKY,KY,15030,24,5010.555413,47.97966865,17.94639204,51002050308,3284230
MI00619,42.46480853,-85.74945551,Otsego Dam,MDNR Wildlife,Allegan,Allegan,MI,1530,18,1285.894966,66.29963798,2.499793464,40500030905,4108660
MI00604,42.4830334,-85.79632951,Trowbridge Dam,MDNR Wildlife,Allegan,Allegan,MI,660,17,1190.63809,66.29963798,2.250318278,40500030905,4108660
NY00155,43.75577387,-74.275498,INDIAN LAKE STONE DAM,HUDSON RIVER-BLACK RIVER REGULATING DISTRICT,HAMILTON,INDIAN LAKE,NY,170235,32,231.82401,47.57269905,1.14797863,20200010205,1315000
TX00003,32.65073255,-97.44840009,BENBROOK LAKE,CESWF,TARRANT,FORT WORTH,TX,410000,124,147.5028299,24.57349343,5.329573062,1.20E+11,8047000
KY01203,37.78452214,-84.10328751,KENTUCKY RIVER LOCK & DAM 11,COMMONWEALTH OF KENTUCKY,ESTILL,FORD KENTUCKY,KY,14370,24,3935.940453,47.97966865,14.09742525,51002040507,3282290
NH00002,43.09355473,-71.65996233,EVERETT DAM,CENAE,HILLSBOROUGH,GOFFSTOWN,NH,131000,80,108.27448,52.2267258,1.194996054,10700060602,1091500
NJ00354,40.89590634,-74.3981726,Boonton Dam,City of Jersey City,Morris, ,NJ,0,84,213.4171901,47.57269905,2.698287215,20301030404,1381000
KY01205,37.60163041,-83.83265398,KENTUCKY RIVER LOCK & DAM 13,COMMONWEALTH OF KENTUCKY,LEE,PRYSE KENTUCKY,KY,5540,24,3400.995716,47.97966865,12.18140454,51002040503,3282060
NV10153,36.12065721,-114.9102765,LAKE LAS VEGAS,LAKE LAS VEGAS MASTER ASSOCIATION,CLARK,NONE,NV,10600,142,76.64064472,34.01330234,2.291057443,1.50E+11,9419800
NY00953,43.10639,-75.20834,UTICA HARBOR DAM,NYS CANAL CORP,ONEIDA,UTICA,NY,120,16,480.3175209,47.57269905,1.214555046,20200040311,1342602
NY00039,41.35790294,-73.66544033,CROTON FALLS DAM,CITY OF NEW YORK - DEP,PUTNAM,CROTON FALLS,NY,49760,68,120.7096946,47.57269905,1.246366475,20301010206,1374701
KY03061,36.75166341,-83.25657005,MARTINS FORK DAM,CELRN,HARLAN,CAWOOD,KY,21100,97,84.00224217,47.97966865,1.216025416,51301010103,3400800
CT00583,41.988617,-72.60346926,ENFIELD DAM,C.H. DEXTER,HARTFORD,ENFIELD,CT,10744,12,16940.12174,52.2267258,29.26385634,10802050105,1184000
WY01496,42.17066253,-104.6973797,GRAYROCKS,BASIN ELECTRIC POWER COOPERATIVE,PLATTE,FORT LARAMIE,WY,194000,74,274.9803378,38.31611163,3.802675047,1.02E+11,6670500
TX00001,32.25014342,-96.64707736,BARDWELL LAKE,CESWF,ELLIS,CORSICANA,TX,317483,78,85.90509,24.57349343,1.95246781,1.20E+11,8063800
NM00293,35.34394228,-103.4448062,UTE DAM,NEW MEXICO INTERSTATE STREAM COMMISSION,QUAY,LOGAN,NM,403000,92,744.66373,35.84313703,13.74559184,1.11E+11,7227000
AL09301,34.27316821,-87.69340131,Upper Bear Creek,TVA,Marion,Bear Creek,AL,37400,79,163.8990519,42.60133563,2.176294183,60300060103,3592000
AL05901,34.39866661,-87.98793911,Bear Creek,TVA,Franklin,Red Bay,AL,37800,62,348.1073694,42.60133563,3.627596511,60300060105,3592000
PA00110,41.4750376,-79.44546419,TIONESTA DAM,CELRP,FOREST,TIONESTA,PA,180000,45,868.4499809,47.97966865,5.893181321,50100030406,3020000
NM00003,35.39471361,-106.5475309,JEMEZ CANYON DAM,CESPA,SANDOVAL,BERNALILLO,NM,264700,87,60.73229,28.26325019,1.344764608,1.30E+11,8328950
AR01157,36.46667,-91.53,MAMMOTH SPRINGS DAM 3,Arkansas Game and Fish Commission,FULTON,NONE,AR,350,26,215.26974,35.84313703,1.118117914,1.10E+11,7069220
CO01656,40.14771527,-105.8658793,GRANBY,DOI BR,GRAND,GRANBY,CO,539760,221,70.99227861,31.24756912,3.595211432,1.40E+11,9019500
NH00003,43.46821113,-71.66157073,FRANKLIN FALLS DAM,CENAE,MERRIMACK,FRANKLIN,NH,222000,112,1960.901508,52.2267258,30.11052218,10700010803,
NH00001,43.316118,-71.7223826,BLACKWATER DAM,CENAE,MERRIMACK,WEBSTER,NH,93400,64,249.2523587,52.2267258,2.187075295,10700030504,
VT00004,43.053504,-72.70272346,TOWNSHEND DAM,CENAE,WINDHAM,TOWNSHEND,VT,54300,27,499.82718,52.2267258,1.859148783,10801070402,
NY00964,42.91798833,-74.44659926,LOCK E-13 DAM AT FONDA-FULTONVILLE,NYS CANAL CORP,MONTGOMERY,FONDA FULTONVILLE,NY,3305,12,4145.66997,47.57269905,7.862212229,20200041003,
NY00159,43.67614947,-73.77913206,STARBUCKVILLE DAM,TOWN OF CHESTER/HORICON/SCHROON,WARREN,SOUTH HORICON,NY,26688,9,872.4988384,47.57269905,1.19504908,20200010605,
MD00002,39.43079661,-76.54374233,Loch Raven Dam,Baltimore City DPW Reservoir Section,Baltimore,Loch Raven,MD,91900,70,355.7364776,47.57269905,3.785535352,20600030406,
MD00003,39.37712307,-76.89067006,Liberty Dam,Baltimore City DPW Reservoir Section,Baltimore,Daniels City,MD,177000,122,192.0123973,47.57269905,3.540339011,20600030806,
MD00020,39.11708567,-76.87513819,Rocky Gorge Dam,Washington Suburban Sanitary Commission,Prince Georges,Laurel,MD,22000,93,155.4254313,47.57269905,2.194342484,20600060105,
MD00001,39.61975187,-76.70765159,Prettyboy Dam,Baltimore City DPW Reservoir Section,Baltimore,Monkton,MD,90100,108,93.5444548,47.57269905,1.527662009,20600030302,
MD00148,39.24667,-76.76167,Bloede Dam,"MD DNR-Public Lands, Engineering & Constr-Central",Baltimore,Elkridge,MD,600,23,355.7890093,47.57269905,1.274526815,20600031102,
MD00069,39.47644187,-79.06800445,JENNINGS RANDOLPH DAM,CENAB,"GARRETT, MD & MINERAL, WV","BARNUM, WV",MD/WV,130900,197,279.7374942,47.57269905,8.294618165,20700020207,
MD00128,39.64862801,-78.76580505,Industrial Dam,City of Cumberland,Allegany, ,MD,1467,28,738.65047,47.57269905,3.112981228,20700020403,
MD00014,39.50783254,-79.13419232,Savage River Dam,Upper Potomac River Commission,Garrett,Luke,MD,31800,128,102.0624366,47.57269905,1.978614956,20700020103,
NC00944,35.381,-78.085,H.F. Lee Power Station Cooling Lake Dam,Carolina Power & Light,Wayne, ,NC,5446,14,1947.428721,26.66105829,7.322333513,30202011705,
NC05143,36.11232381,-78.86866452,Little River Dam, ,Durham, ,NC,15037,66,92.38196611,26.66105829,1.649942258,30202010203,
NC00205,34.62681235,-78.57766992,LOCK AND DAM #2,CESAW,BLADEN,WESTBROOK,NC,3000,9,5337.61109,26.66105829,12.9017712,30300050206,
NC01173,34.808,-78.651,Horseshoe Lake Dam, ,Bladen, ,NC,2304,8,2655.524804,26.66105829,5.705585907,30300050201,
NC04954,36.03954914,-79.50387105,Lake Mackintosh Dam,City of Burlington,Alamance, ,NC,30825,61,111.99037,26.66105829,1.849761325,30300020310,
NC00204,35.27651808,-81.45701532,Moss Lake Dam, ,Cleveland, ,NC,51032,85,117.59358,26.66105829,2.684493998,30501050802,
FL00708,28.87092136,-81.78384585,EUGENE J BURRELL LOCK AND DAM,SJRWMD,LAKE,LISBON,FL,88000,13,691.62905,26.66105829,2.47049948,30801020402,
FL00286,27.50234902,-81.19581472,STRUCTURE 65B,SFWMD (PAST C&SF FCD),OKEECHOBEE,MICCO BLUFF,FL,7715,26,1854.41079,26.66105829,13.24791344,30901011505,
FL00271,27.80381149,-81.19851145,STRUCTURE 65,SFWMD (PAST C&SF FCD),OSCEOLA,TURKEY HAMMOCK,FL,730000,28,1517.83394,26.66105829,11.4141136,30901011404,
FL00268,28.14038149,-81.35149958,STRUCTURE 61,SFWMD (PAST C&SF FCD),OSCEOLA,SOUTH PORT,FL,279000,21,472.53207,26.66105829,2.665081429,30901010400,
FL00103,30.12202302,-85.17639484,DEAD LAKES DAM,DEAD LAKES WATER MNGEMNT,GULF,WEWAHITCHKA,FL,40600,18,2494.74274,26.66105829,12.0603017,31300120606,
MS03056,33.51791821,-88.48929351,JOHN C. STENNIS,CESAM,LOWNDES,"COLUMBUS, MS",MS,59483,27,6587.635861,26.66105829,47.76978083,31601011406,
MS03057,33.83092948,-88.51852997,"ABERDEEN LK/DM (TENN-TOM, AL & MS)",CESAM,MONROE,"ABERDEEN,MS",MS,31564,27,3037.137524,26.66105829,22.0235904,31601011103,
MS03058,33.97771475,-88.51516344,"AMORY (TENN-TOM,AL AND MS)",CESAM,MONROE,"AMORY, MS",MS,4386,30,1819.018371,26.66105829,14.65609392,31601011103,
MS02885,33.53667,-88.50833,MS NO NAME 157 DAM, ,LOWNDES, ,MS,56,8,1656.248888,26.66105829,3.736498268,31601040607,
MS02716,32.39712382,-90.06381884,ROSS BARNETT RESERVOIR DAM,PEARL RIV. VAL. WTR. SUP. DIST,RANKIN,JACKSON,MS,540000,44,3677.558476,26.66105829,44.24839277,31800020404,
MS02717,32.62445588,-89.7449655,ROSS BARNETT RSRVOIR LWR DAM, ,SCOTT, ,MS,242,7,3034.068773,26.66105829,5.704050479,31800020401,
OH02769,41.41634434,-83.87126798,GRAND RAPIDS DAM,"ODNR, Division of Water",WOOD,Columbus,OH,0,5,6124.337823,66.29963798,3.704019741,41000090510,
OH00481,41.12019154,-81.49014392,GORGE PLANT DAM,Ohio Edison Co./FirstEnergy Corp.,SUMMIT,Akron,OH,1149,39,319.83734,66.29963798,1.378250591,41100020305,
NY00416,42.94726907,-76.73575152,MUD LOCK C&S CANAL DAM,NYS CANAL CORP,CAYUGA,CAYUGA,NY,663000,14,2483.180146,66.29963798,3.754588882,41402011205,
NY00243,44.4397968,-73.7008404,ROME DAM,TOWN OF JAY,ESSEX,AUSABLE FORKS,NY,180,25,346.65506,47.57269905,1.351377861,43001040206,
PA00740,40.182374,-78.94086152,QUEMAHONING,THE MANUFACTURERS WATER COMPANY,SOMERSET, ,PA,57400,70,172.7180936,47.97966865,1.804329772,50100070103,
WV06108,39.56449074,-80.05079239,OPEKISKA LOCK AND DAM,CELRP,MONONGALIA,MORGANTOWN,WV,14400,22,5012.253073,47.97966865,16.45643319,50200030307,
WV06107,39.58241087,-80.00985412,HILDEBRAND LOCK AND DAM,CELRP,MONONGALIA,MORGANTOWN,WV,7600,21,5042.114692,47.97966865,15.80199989,50200030307,
PA00125,39.72735167,-79.91137719,POINT MARION LOCK AND DAM,CELRP,FAYETTE,POINT MARION,PA,11500,19,5378.550018,47.97966865,15.25101865,50200030309,
WV06106,39.61973594,-79.96883492,MORGANTOWN LOCK AND DAM,CELRP,MONONGALIA,MORGANTOWN,WV,6200,17,5121.337196,47.97966865,12.99308657,50200030308,
WV08512,39.21966181,-81.09879018,Hughes River # 21C Dam,Freddie L. Fields,Ritchie County,Cornwallis,WV,44231,65,169.44684,47.97966865,1.646245126,50302030904,
OH00693,39.52938187,-81.51653118,MUSKINGUM RIVER LOCK AND DAM NO. 3,"ODNR, Division of Parks & Recreation",WASHINGTON,Columbus,OH,4492,12,7597.6383,47.97966865,13.96913008,50400041203,
OH00692,39.46983667,-81.49163298,MUSKINGUM RIVER LOCK AND DAM NO. 2,"ODNR, Division of Parks & Recreation",WASHINGTON,Columbus,OH,3024,12,7635.95867,47.97966865,13.9598161,50400041204,
OH00007,39.9919004,-82.08286412,DILLON DAM,CELRH,MUSKINGUM,ZANESVILLE,OH,274000,90,768.23469,47.97966865,10.31849749,50400060603,
OH00002,40.15710667,-81.85000672,WILLS CREEK DAM,CELRH,MUSKINGUM AND COSHOCTON,WILLS CREEK,OH,196000,65,853.84899,47.97966865,8.282748322,50400050604,
OH00019,40.72452294,-82.15177358,MOHICANVILLE DAM,CELRH,ASHLAND,BRINKHAVEN,OH,102000,36,270.90128,47.97966865,1.455437623,50400020702,
OH00433,40.1050394,-81.55637612,SALT FORK LAKE DAM,"ODNR, Division of Parks & Recreation",GUERNSEY,Columbus,OH,152900,42,161.36013,47.97966865,1.02826286,50400050406,
WV08902,37.64072074,-80.88662405,BLUESTONE DAM,CELRH,SUMMERS,HINTON WEST VIRGINIA,WV,631000,48,6255.055768,47.97966865,44.8076805,50500021003,
KY82201,38.12542494,-82.69851638,YATESVILLE DAM,CELRH,LAWRENCE,YATESVILLE,KY,83300,72,221.5301787,47.97966865,2.380375292,50702040303,
KY82202,37.84032894,-82.87130738,PAINTSVILLE DAM,CELRH,JOHNSON,"PAINTSVILLE, KY.",KY,73500,108,118.38025,47.97966865,1.908727224,50702030403,
OH00431,39.87101954,-84.28690251,ENGLEWOOD DAM,The Miami Conservancy District,MONTGOMERY,Dayton,OH,413000,84,556.40479,47.97966865,7.004158841,50800011405,
OH00929,39.02205767,-84.15112851,WILLIAM H. HARSHA LAKE DAM,CELRL,CLERMONT,BATAVIA,OH,294800,159,320.14944,47.97966865,7.612075439,50902021203,
OH00927,39.48454147,-84.05940885,CAESAR CREEK LAKE DAM and Saddle Dams #1 and #4,CELRL,WARREN,OREGONIA,OH,242200,75,221.18316,47.97966865,2.47897436,50902020406,
IN00021,39.07455847,-85.24518851,VERSAILLES STATE PARK DAM, ,Ripley,Versailles,IN,5788,53,182.01598,47.97966865,1.439678196,50902030507,
KY03027,37.33990694,-83.47024771,BUCKHORN LAKE DAM,CELRL,PERRY,BUCKHORN,KY,167900,51,592.26161,47.97966865,4.594411576,51002020304,
KY03009,36.89273294,-86.12415531,BARREN RIVER LAKE DAM,CELRL,BARREN,"BOWLING GREEN,KY",KY,815150,118,1266.842017,47.97966865,22.30922614,51100020403,
KY03007,37.24669654,-85.33983278,GREEN RIVER LAKE DAM,CELRL,TAYLOR,GREENSBURG,KY,723200,123,917.3514208,47.97966865,16.83917804,51100010308,
KY03005,37.16877661,-86.40319464,GREEN RIVER LOCK & DAM 5,CELRL,BUTLER,WOODBURY KENTUCKY,KY,10070,22,3806.364662,47.97966865,12.72443333,51100011305,
KY03006,37.20667501,-86.26068284,GREEN RIVER LOCK & DAM 6,CELRL,EDMONSON,BROWNSVILLE KENTUCKY,KY,9150,18,4052.08677,47.97966865,11.00601661,51100011303,
KY03012,37.61949841,-86.49999931,ROUGH RIVER LAKE DAM,CELRL,BRECKINRIDGE,FALLS OF ROUGH,KY,334400,92,605.3473086,47.97966865,8.347503821,51100040306,
IN03006,40.84605954,-85.46856558,J. EDWARD ROUSH LAKE DAM,CELRL,HUNTINGTON,HUNTINGTON,IN,153100,84,706.91001,47.97966865,8.861830865,51201011301,
IN03001,39.00750487,-86.51220911,MONROE LAKE DAM,CELRL,MONROE,GUTHRIE,IN,441000,89,592.2072825,47.97966865,7.865816123,51202080703,
IN03018,38.43407687,-86.70720551,PATOKA LAKE DAM,CELRL,DUBOIS,JASPER,IN,301640,85,230.5072041,47.97966865,2.92404107,51202090106,
IL00712,39.45857034,-88.14140877,RIVERVIEW DAM,CITY OF CHARLESTON,COLES,GREENUP,IL,9450,20,626.74794,47.97966865,1.898755271,51201120802,
IL00525,40.1566228,-87.65195317,LAKE VERMILION DAM,CONSUMERS ILLINOIS WATER COMPANY,VERMILION,DANVILLE,IL,15352,31,233.287,47.97966865,1.096683051,51201090806,
KY03041,37.12213681,-88.65487751,OHIO RIVER LOCKS & DAM 52,CELRL,MCCRACKEN,METROPOLIS ILL.,IL/KY,339600,12,276132.7231,47.97966865,494.514649,51402060102,
KY03060,37.79096547,-87.99102124,JOHN T. MYERS LOCKS & DAM,CELRL,UNION,CAVE IN ROCK,IN/KY,740200,18,147133.7258,47.97966865,395.2435371,51402020705,
KY03059,37.92792427,-87.37340991,NEWBURGH LOCKS & DAM,CELRL,HENDERSON,NEWBURGH IND,IN/KY,581600,16,133553.8069,47.97966865,318.9013033,51402011203,
KY03051,38.00331341,-85.30606551,TAYLORSVILLE LAKE DAM,CELRL,SPENCER,TAYLORSVILLE,KY,291670,79,514.0043812,47.97966865,6.071524886,51401020305,
AL05902,34.54521388,-87.97473971,Cedar Creek,TVA,Franklin,Allsboro,AL,105740,92,269.5627659,42.60133563,4.168327176,60300060204,
AL05903,34.45443068,-87.97532104,Little Bear Creek,TVA,Franklin,Jordans Mill,AL,45320,79,92.03670347,42.60133563,1.222087255,60300060206,
MN00584,47.25099339,-93.58750843,POKEGAMA LAKE DAM,CEMVP,ITASCA,GRAND RAPIDS,MN,120000,15,1620.34655,55.99000942,3.108321348,70101010909,
MN00586,47.42975673,-94.05155556,WINNIBIGOSHISH DAM,CEMVP,CASS,BALLCLUB,MN,550000,22,799.38385,55.99000942,2.249079433,70101010704,
MN00580,45.02192713,-95.86894696,LAC QUI PARLE DAM,CEMVP,LAC QUI PARLE,MONTEVIDEO,MN,122800,24,505.54959,55.99000942,1.551678518,70200011203,
MN00587,43.86696887,-91.3074129,LOCK & DAM #7,CEMVP,WINONA,LA CRESCENT,MN/WI,105000,8,30942.43572,55.99000942,31.65710726,70400060103,
WI00011,44.81808473,-91.44051544,ALTOONA,EAU CLAIRE COUNTY,Eau Claire,EAU CLAIRE,WI,14000,27,668.870052,55.99000942,2.309576005,70500060509,
WI00010,44.75984693,-91.13150357,EAU CLAIRE RIVER,EAU CLAIRE COUNTY,Eau Claire,EAU CLAIRE,WI,17000,25,491.2294469,55.99000942,1.57054775,70500060304,
IA00005,41.89841307,-90.1568673,MISSISSIPPI RIVER DAM 13,CEMVR,WHITESIDE,CLINTON,IA/IL,0,11,46987.27361,55.99000942,66.09972836,70600051203,
IA00004,42.26133687,-90.42089737,MISSISSIPPI RIVER DAM 12,CEMVR,JACKSON,BELLEVUE,IA/IL,0,9,45165.47615,55.99000942,51.98473637,70600050404,
WI00803,43.57090627,-91.22994237,LOCK & DAM #8,CEMVP,VERNON,VICTORY,MN/WI,260000,11,32841.57471,55.99000942,46.20015167,70600010504,
WI10500,42.785,-91.095,LOCK & DAM #10,CEMVP,CLAYTON,GUTTENBERG,IA,212000,8,43260.71432,55.99000942,44.2598988,70600030705,
WI00733,43.2133262,-91.10143437,LOCK & DAM #9,CEMVP,CRAWFORD,PRAIRIE DU CHIEN,WI,470000,9,33817.38348,55.99000942,38.92326429,70600010707,
IL50073,41.5183,-90.5683,LOCK AND DAM 15,CEMVR,ROCK ISLAND,ROCK ISLAND,IA/IL,100000,16,42840.71086,55.99000942,87.66038919,70801010406,
IL50075,40.8833,-91.0233,LOCK AND DAM 18,CEMVR,HENDERSON,KINGSTON,IA/IL,100000,10,54831.34895,55.99000942,70.12222271,70801041103,
IA00006,41.57318634,-90.3987089,MISSISSIPPI RIVER DAM 14,CEMVR,SCOTT,HAMPTON,IA/IL,0,11,42772.7009,55.99000942,60.17084401,70801010404,
IA00008,41.42700207,-91.01030184,MISSISSIPPI RIVER DAM 16,CEMVR,ROCK ISLAND,MUSCATINE,IA/IL,0,9,48049.73173,55.99000942,55.30446813,70801010605,
IA00009,41.19141067,-91.0591101,MISSISSIPPI RIVER DAM 17,CEMVR,MERCER,NEW BOSTON,IA/IL,0,8,48144.19617,55.99000942,49.25617349,70801010705,
IA01290,42.5164,-94.2003,FORT DODGE MILLDAM,CITY OF FORT DODGE,WEBSTER,FORT DODGE,IA,2525,12,1115.9567,55.99000942,1.798227489,71000040404,
IA01267,41.62036887,-94.0135385,ADEL MILLDAM,CITY OF ADEL,DALLAS,ADEL,IA,1448,10,929.8006,55.99000942,1.248549786,71000061505,
IL50077,38.87040607,-90.15273197,MELVIN PRICE LOCKS & DAM,CEMVS,MADISON,ALTON,IL/MO,238000,24,97507.8877,55.99000942,299.2800264,71100090402,
MO10301,39.00480614,-90.6872999,LOCK & DAM 25,CEMVS,LINCOLN,WINFIELD,IL/MO,176000,15,76764.48891,55.99000942,147.2578194,71100041109,
MO10300,39.37578127,-90.90477884,LOCK & DAM 24,CEMVS,PIKE,CLARKSVILLE,IL/MO,125363,15,76366.21333,55.99000942,146.4938048,71100040703,
MO10304,39.90513347,-91.43011877,MISSISSIPPI RIVER DAM 21,CEMVR,ADAMS,HANNIBAL,IL/MO,0,10,72780.82099,55.99000942,93.07728218,71100011006,
MO10303,40.14432874,-91.51092624,MISSISSIPPI RIVER DAM 20,CEMVR,LEWIS,CANTON,IL/MO,0,10,72125.89049,55.99000942,92.23971055,71100010605,
IL00002,41.39809447,-88.28124224,DRESDEN ISLAND LOCK & DAM,CEMVR,GRUNDY,MORRIS,IL,0,22,5562.64276,55.99000942,15.65058566,71200050701,
IL01015,39.94074067,-90.53328804,LA GRANGE LOCK & DAM,CEMVR,BROWN,MEREDOSIA,IL,0,10,17304.13845,55.99000942,22.12976105,71300031102,
IL01014,40.6326816,-89.62527264,PEORIA LOCK & DAM,CEMVR,TAZEWELL,NORTH PEKIN,IL,0,11,10221.9861,55.99000942,14.37986188,71300030304,
IL00118,39.40825507,-88.77704611,LAKE SHELBYVILLE DAM,CEMVS,SHELBY,SHELBYVILLE,IL,1026546,64,882.0059234,55.99000942,7.219019569,71402010705,
AR00168,34.16278808,-91.6801613,JOE HARDIN LOCK & DAM,CESWL,JEFFERSON,GILLETT,AR,50400,20,48420.47856,43.0763824,160.974518,80204010401,
AR01545,33.94464935,-91.08963777,MONTGOMERY POINT LOCK & DAM,CESWL,DESHA,,AR,10595,20,27982.46717,43.0763824,93.02808023,80203030703,
MS01494,33.80875355,-89.7706259,GRENADA DAM,CEMVK,GRENADA,GRENADA,MS,2722100,97,1867.981115,43.0763824,30.11911978,80302050409,
MS01496,34.75769028,-90.12426164,ARKABUTLA DAM,CEMVK,DESOTO,TUNICA,MS,1383800,84,1432.798798,43.0763824,20.00610551,80302040506,
MS01493,34.39869421,-89.78717324,SARDIS DAM,CEMVK,PANOLA,BATESVILLE,MS,3016000,40,2200.478096,43.0763824,14.83952903,80302010907,
MS01495,34.16040301,-89.90394177,ENID DAM,CEMVK,YALOBUSHA,CROWDER,MS,1213500,85,874.6487155,43.0763824,12.35806994,80302030306,
LA00581,31.18672995,-92.29304403,JOHN OVERTON LOCK AND DAM,CEMVK,RAPIDES,SIMMESPORT,LA,67500,24,31322.0131,43.0763824,124.9565335,80403010204,
LA00175,31.48273115,-91.85958497,JONESVILLE LOCK & DAM,CEMVK,CATAHOULA,SIMMESPORT,LA,149300,30,24576.6588,43.0763824,122.5581383,80403050101,
LA00177,32.16679375,-92.1107727,COLUMBIA LOCK & DAM,CEMVK,CALDWELL,COLUMBIA,LA,156800,18,17300.7374,43.0763824,51.7648762,80402070401,
LA00174,31.57950022,-91.9791345,LITTLE RIVER CLOSURE DAM,CEMVK,CATAHOULA,JONESVILLE,LA,149300,38,2831.181608,43.0763824,18.11867847,80403040705,
LA00015,32.71208095,-92.34060403,BAYOU DARBONNE DAM + RESERVOIR,STATE OF LOUISIANA,UNION,POINT,LA,240000,51,1496.01489,43.0763824,12.68247902,80402060905,
LA00094,32.90646448,-92.73248557,CORNEY DAM,USDA FOREST SERVICE,CLAIBORNE,FARMERVILLE LA,LA,43000,25,399.96374,43.0763824,1.662105894,80402060204,
LA00011,32.74065708,-92.90348823,LAKE CLAIBORNE,STATE OF LOUISIANA,CLAIBORNE,AYCOCK,LA,200000,67,120.96411,43.0763824,1.347191697,80402060503,
LA00029,31.90437522,-91.76480523,TURKEY CREEK DAM,STATE OF LOUISIANA,FRANKLIN,HARRISONBURG,LA,85000,35,177.85791,43.0763824,1.034759183,80500011504,
ND00309,47.03598373,-98.08103769,BALDHILL,CEMVP,BARNES,VALLEY CITY,ND,156000,55,141.98,46.9127453,1.191890332,90202030905,
MN00093,48.49972152,-92.63868217,KETTLE FALLS,BOISE CASCADE CORP,St. Louis,INTERNATIONAL FALLS,MN,702500,20,4800.921971,46.9127453,14.65551481,90300031804,
MN00646,48.04974726,-91.4377257,PRAIRIE PORTAGE,USDA FS,Lake,ISLAND VIEW,MN,3163,13,620.573796,46.9127453,1.231354839,90300010507,
MT00905,44.65650186,-112.3691153,LIMA,BEAVERHEAD COUNTY RED ROCK RIVER WATER/SEWER DIST.,BEAVERHEAD,LIMA,MT,133000,54,170.9593574,38.31611163,1.72521208,1.00E+11,
MT00585,47.62105866,-112.7067445,SUN RIVER DIVERSION,DOI BR,"TETON, LEWIS AND CLARK",SIMMS,MT,6395,52,747.08121,38.31611163,7.259839361,1.00E+11,
MT00002,45.13223246,-106.7697938,TONGUE RIVER DAM,"STATE OF MONTANA, D.N.R.C., W.R.D.",BIG HORN,ASHLAND,MT,127655,91,708.17916,38.31611163,12.04315813,1.01E+11,
WY01292,42.56512667,-106.7013272,GRAY REEF,USBR,NATRONA,CASPER,WY,1800,30,5389.79913,38.31611163,30.21688479,1.02E+11,
CO01281,39.55735421,-105.0628195,CHATFIELD DAM,CENWO,DOUGLAS,DENVER,CO,355000,124,1256.76502,38.31611163,29.12269913,1.02E+11,
CO00359,38.90457654,-105.4758609,ELEVEN MILE CANYON,DENVER BOARD OF WATER COMMISSIONERS,PARK,LAKE GEORGE,CO,128000,126,397.34032,38.31611163,9.355974648,1.02E+11,
KS00005,38.60708561,-97.96662583,KANOPOLIS DAM,CENWK,ELLSWORTH,"MARQUETTE, KS",KS,433000,91,70.32262,38.31611163,1.205092081,1.03E+11,
AR01319,35.75714134,-91.6374759,LOCK AND DAM NO 1,City of Batesville,INDEPENDENCE,SALADO,AR,600,14,11328.5309,35.84313703,31.68348172,1.10E+11,
AR01320,35.74427061,-91.76573463,LOCK AND DAM NO 2,Arkansas Power and Light Company,INDEPENDENCE,BATESVILLE,AR,600,14,11069.50545,35.84313703,30.95904287,1.10E+11,
AR01321,35.84355848,-91.85020623,LOCK AND DAM NO 3,Arkansas College,INDEPENDENCE,NONE,AR,600,14,10960.16067,35.84313703,30.65322886,1.10E+11,
OK10319,36.74462634,-98.13568322,GREAT SALT PLAINS LAKE,CESWT,ALFALFA,"POND CREEK, OK",OK,990200,56,381.1148,35.84313703,4.263586836,1.11E+11,
OK10310,36.42249328,-95.67967376,OOLOGAH LAKE,CESWT,ROGERS,"CATOOSA, OK",OK,1559270,86,3502.421134,35.84313703,60.17250441,1.11E+11,
KS00004,38.24186474,-95.75676776,JOHN REDMOND LAKE,CESWT,COFFEY,"BURLINGTON, KS",KS,626007,80,1229.91554,35.84313703,19.65606353,1.11E+11,
OK10303,35.85793928,-95.37098183,CHOUTEAU LOCK AND DAM,CESWT,WAGONER,"OKAY, OK",OK,23340,21,4460.05306,35.84313703,18.71072395,1.11E+11,
OK10302,36.05925454,-95.53705976,NEWT GRAHAM LOCK AND DAM,CESWT,WAGONER,"OKAY, OK",OK,23500,21,4259.82277,35.84313703,17.87072191,1.11E+11,
KS02984,37.05512241,-94.70198636,LOWELL DAM,RAUNIKER INC,CHEROKEE,LOWELL,KS,7600,21,1562.097559,35.84313703,6.717111931,1.11E+11,
KS00011,37.74208647,-95.93161303,TORONTO LAKE,CESWT,WOODSON,"COYVILLE, KS",KS,318900,84,349.42817,35.84313703,5.863655829,1.11E+11,
OK21489,36.88574621,-95.97450649,COPAN LAKE,CESWT,WASHINGTON,"DEWEY, OK",OK,338000,67,230.82052,35.84313703,3.08944515,1.11E+11,
NM00006,35.40333,-104.19,CONCHAS DAM,CESPA,SAN MIGUEL,LOGAN,NM,709119,51,544.54132,35.84313703,5.547946791,1.11E+11,
AR00166,34.41186055,-92.10359343,COL CHARLES D. MAYNARD LOCK AND DAM,CESWL,JEFFERSON,PINE BLUFF,AR,68500,17,45970.45612,35.84313703,156.1201664,1.11E+11,
AR00170,35.07766601,-92.5415657,TOAD SUCK FERRY LOCK & DAM,CESWL,FAULKNER,LITTLE ROCK,AR,37300,16,45335.51589,35.84313703,144.9071504,1.11E+11,
AR00167,34.24884248,-91.90404877,EMMETT SANDERS LOCK & DAM,CESWL,JEFFERSON,GILLETT,AR,77000,14,46006.50077,35.84313703,128.670358,1.11E+11,
OK10315,34.93752528,-94.71882216,WISTER LAKE,CESWT,LE FLORE,"POTEAU, OK",OK,427481,95,1099.423,35.84313703,20.86506274,1.11E+11,
AR00157,35.10133028,-93.65103423,BLUE MOUNTAIN,CESWL,YELL,DANVILLE,AR,258000,81,513.63021,35.84313703,8.311259642,1.11E+11,
LA00582,31.52408662,-92.7253905,RED RIVER W.W. LOCK & DAM #3,CEMVK,NATCHITOCHES,COLFAX,LA,108500,31,30192.13555,35.84313703,186.9764018,1.11E+11,
LA00583,31.84039875,-93.08423443,RUSSELL B. LONG LOCK & DAM,CEMVK,RED RIVER,POWHATAN,LA,70500,25,28662.54631,35.84313703,143.1482521,1.11E+11,
LA00580,32.25728468,-93.49153963,"JOE D. WAGGONNER, JR. LOCK & DAM",CEMVK,CATAHOULA,SIMMESPORT,LA,59900,25,25241.88462,35.84313703,126.064573,1.11E+11,
AR00536,33.69393795,-93.96513616,MILLWOOD DAM,CESWL,LITTLE RIVER,FULTON,AR,1854930,74,6817.77905,35.84313703,100.7873238,1.11E+11,
TX00021,33.30473102,-94.16039543,WRIGHT PATMAN DAM AND LAKE,CESWF,BOWIE,TEXARKANA,TX,6505000,40,2303.904442,35.84313703,18.68623331,1.11E+11,
OK10306,34.11275315,-95.0787477,PINE CREEK LAKE,CESWT,MCCURTAIN,"GARVIN, OK",OK,968210,86,991.252,35.84313703,17.07749221,1.11E+11,
LA00002,32.32258028,-93.4170183,LAKE BISTINEAU,STATE OF LOUISIANA,"BOSSIER, WEBSTER, AND RAPIDES",EAST POINT,LA,318000,43,1450.297132,35.84313703,12.45824063,1.11E+11,
TX00020,32.75180942,-94.4972851,FERRELLS BRIDGE DAM,CESWF,MARION,JEFFERSON,TX,1998740,90,604.8866054,35.84313703,10.87546283,1.11E+11,
OK22197,34.1124,-95.0783,PINE CR LAKE,COE,MCCURTAIN,.,OK,95000,47,991.25444,35.84313703,9.425911757,1.11E+11,
AR01201,34.09833221,-94.3809697,DEQUEEN,CESWL,SEVIER,DEQUEEN,AR,370600,145,289.5966,35.84313703,8.388662703,1.11E+11,
AR01200,34.21047301,-94.22894623,GILLHAM,CESWL,HOWARD,GILLHAM,AR,221800,48,469.1797,35.84313703,4.56269096,1.11E+11,
LA00386,31.855,-92.952,BLACK LAKE BAYOU RESERVOIR,STATE OF LOUISIANA,NATCHITOCHES,MONTGOMERY,LA,320000,22,900.0295468,35.84313703,4.045484639,1.11E+11,
TX04785,33.08137535,-95.00287476,FORT SHERMAN DAM,TITUS COUNTY FWSD,TITUS,NONE,TX,306093,66,161.8881232,35.84313703,2.134470688,1.11E+11,
LA00026,31.85606155,-92.93202883,SALINE LAKE DAM,STATE OF LOUISIANA,NATCHITOCHES,CLARENCE,LA,122000,20,415.1257409,35.84313703,1.658597211,1.11E+11,
LA00346,32.51287222,-93.79844703,CROSS LAKE DAM AND SPILLWAY,CITY OF SHREVEPORT,CADDO,SHREVEPORT,LA,215000,35,212.16839,35.84313703,1.483474196,1.11E+11,
LA00018,31.55221475,-92.65820537,IATT LAKE DAM,STATE OF LOUISIANA,GRANT,COLFAX,LA,167000,30,237.9423843,35.84313703,1.426015793,1.11E+11,
LA00013,32.65216388,-93.65825057,CYPRESS BLACK BAYOU SITE NO 1,CYPRESS-BLACK BAYOU REC.&WATER CONS. DIST.,BOSSIER,BENTON,LA,77000,36,174.9466049,35.84313703,1.258169899,1.11E+11,
TX00491,32.80830222,-95.92047136,IRON BRIDGE DAM,SABINE RIVER AUTHORITY OF TEXAS,RAINS,MINEOLA TEXAS,TX,1660023,59,548.2929692,24.57349343,9.506048492,1.20E+11,
TX03547,32.27707248,-94.55671936,MARTIN LAKE DAM,LUMINANT GENERATION COMPANY LLC,RUSK,TATUM,TX,182300,55,96.54944367,24.57349343,1.547329651,1.20E+11,
TX00330,32.02707928,-94.4132293,MURVAUL BAYOU DAM,PANOLA COUNTY FWSD 1,PANOLA,RUNCOMBE,TX,92000,46,85.39253314,24.57349343,1.144585161,1.20E+11,
TX00170,32.05721682,-95.4368049,BLACKBURN CROSSING DAM,UPPER NECHES RIVER MWA,ANDERSON,NECHES,TX,1045000,52,685.3316896,24.57349343,10.4840842,1.20E+11,
TX04585,31.58863068,-94.8264593,BAYOU LOCO DAM,CITY OF NACOGDOCHES,NACOGDOCHES,NONE,TX,122000,71,67.31136,24.57349343,1.392570198,1.20E+11,
TX00244,32.21250028,-95.1427931,MUD CREEK DAM,CITY OF TYLER,SMITH,NONE,TX,85010,57,76.3715,24.57349343,1.268459364,1.20E+11,
TX03549,31.93385955,-94.97604143,LAKE STRIKER DAM,ANGELINA NACOGDOCHES COUNTIES WCID 1,RUSK,NONE,TX,80000,28,127.54818,24.57349343,1.040645187,1.20E+11,
TX03823,30.63255662,-95.01212423,LIVINGSTON DAM,TRINITY RIVER AUTHORITY,SAN JACINTO,LIBERTY,TX,2045000,70,7452.762987,24.57349343,152.0147511,1.20E+11,
TX00237,32.18080382,-96.06898743,JOE B HOGSETT DAM,TARRANT REGIONAL WATER DISTRICT,HENDERSON,TRINIDAD,TX,1085000,90,608.12525,24.57349343,15.94798903,1.20E+11,
TX01496,33.21975022,-97.82994896,BRIDGEPORT DAM,TARRANT REGIONAL WATER DISTRICT,WISE,BRIDGEPORT,TX,923814,91,184.28079,24.57349343,4.886431785,1.20E+11,
TX03416,29.91954022,-95.13298763,LAKE HOUSTON DAM,CITY OF HOUSTON,HARRIS,MAGNOLIA GARDENS,TX,281800,62,1697.65425,24.57349343,30.66982636,1.20E+11,
TX03956,32.37337555,-97.68804716,DE CORDOVA BEND DAM,BRAZOS RIVER AUTHORITY,HOOD,RAINBOW,TX,240640,79,1625.69781,24.57349343,37.42288755,1.21E+11,
TX00016,31.59183168,-97.21158943,WACO LAKE,CESWF,MCLENNAN,WACO,TX,969000,96,480.33525,24.57349343,13.51487704,1.21E+11,
TX00002,31.10617222,-97.47498669,BELTON LAKE,CESWF,BELL,BELTON,TX,1876700,117,803.8253168,24.57349343,27.47920205,1.21E+11,
TX01417,32.36283108,-98.67588436,LAKE LEON DAM,EASTLAND COUNTY WSD,EASTLAND,NONE,TX,72250,63,58.14710338,24.57349343,1.067429048,1.21E+11,
TX03517,31.89640542,-100.5170433,ROBERT LEE DAM,COLORADO RIVER MUNICIPAL WATER DISTRICT,COKE,ROBERT LEE,TX,810000,139,465.39878,24.57349343,18.84995959,1.21E+11,
TX04942,29.49167,-96.06167,E S ROTHROCK TRUST LAKE NO 1 DAM,PEMM PARTNERS LTD,WHARTON,NONE,TX,340,21,167.04291,24.57349343,1.022157276,1.21E+11,
TX03682,28.505,-96.88333,SALT WATER BARRIER AND DIVERSION DAM,GUADALUPE-BLANCO RIVER AUTHORITY,CALHOUN,NONE,TX,600,7,4405.76277,24.57349343,9.885126163,1.21E+11,
TX03895,28.04102829,-97.86966596,WESLEY E SEALE DAM,CITY OF CORPUS CHRISTI,JIM WELLS,CORPUS CHRISTI,TX,531000,62,2322.9358,24.57349343,42.16922665,1.21E+11,
TX01802,28.77890576,-99.82860416,UPPER NUECES LAKE DAM,ZAVALA DIMMIT CO WID 1,ZAVALA,NONE,TX,10350,42,294.38578,24.57349343,3.602769696,1.21E+11,
NM00404,35.62208868,-106.3199277,COCHITI LAKE,CESPA,SANDOVAL,COCHITI PUEBLO,NM,722000,108,674.4716336,28.26325019,18.61171968,1.30E+11,
NM00008,32.2279,-106.7983,MESILLA DIVERSION,DOI BR,DONA ANA,LA MESA,NM,60,10,4795.18268,28.26325019,12.1484351,1.30E+11,
NM00007,32.4971,-106.9233,LEASBURG DIVERSION,DOI BR,DONA ANA,MESILLA,NM,150,7,4756.49463,28.26325019,8.435294151,1.30E+11,
TX01966,31.783,-106.528,American Diversion,IBWC,EL PASO,EL PASO,NW/TX,130,10,4879.83948,28.26325019,12.36291027,1.30E+11,
TX01965,31.762,-106.508,International Diversion,IBWC,EL PASO,EL PASO,TX,70,16,762.2535818,28.26325019,3.089830369,1.30E+11,
WY02304,41.27396067,-107.3010513,HIGH SAVERY,STATE OF WYO. - WATER DEVELOPMENT COMM.,CARBON,SAVERY,WY,30387,120,38.44551829,31.24756912,1.057177746,1.41E+11,
AZ10308,33.81809441,-111.631531,BARTLETT,DOI BR,MARICOPA,MESA,AZ,249693,210,384.996066,34.01330234,17.06880603,1.51E+11,
AZ10310,33.98446568,-111.7101727,HORSESHOE,DOI BR,MARICOPA,FORT MCDOWELL,AZ,214372,142,372.3077019,34.01330234,11.12958189,1.51E+11,
AZ10002,33.07525348,-113.0105731,PAINTED ROCK DAM,CESPL,MARICOPA,AGUA CALIENTE,AZ,4831500,142,76.7919464,34.01330234,2.300591858,1.51E+11,
NV00109,41.36297107,-114.0844508,DAKE RESERVOIR,"WINECUP-GAMBLE RANCH, LLC",ELKO,NONE,NV,3300,23,414.3497054,31.09121264,2.271138473,1.60E+11,
NV00110,41.52889094,-114.3643334,TWENTY-THREE MILE DAM,"WINECUP-GAMBLE RANCH, LLC",ELKO,MONTELLO,NV,8700,32,284.2410328,31.09121264,2.153685546,1.60E+11,
UT00272,39.37173861,-112.032521,SEVIER BRIDGE,CONSOLIDATED SEVIER BRIDGE CO,Juab,LEAMINGTON,UT,363000,60,285.4927428,31.09121264,3.958140328,1.60E+11,
NV00212,38.15481,-116.1112,ECHO CANYON DAM NYE,"FALLINI, JOSEPH B",NYE,NONE,NV,300,19,280.8457572,31.09121264,1.228912866,1.61E+11,
MT00019,45.71759706,-114.2807179,WEST FORK BITTERROOT (Painted Rocks),"STATE OF MONTANA, D.N.R.C., W.R.D.",RAVALLI,DARBY,MT,45100,100,275.446557,44.1638648,4.470351141,1.70E+11,
WA00002,46.81471246,-120.6725915,Wenas Dam,Wenas Irrigation Dist,YAKIMA,Selah,WA,5500,86,175.59306,44.1638648,2.448364144,1.70E+11,
OR10022,43.69374,-121.7008,WICKIUP,DOI BR,DESCHUTES,PRINGLE FALLS,OR,202170,80,1010.95233,44.1638648,13.1126623,1.71E+11,
WA00301,47.66520486,-122.3972086,HIRAM M. CHITTENDEN LOCKS & DAM,CENWS,KING,SEATTLE,WA,458000,25,2964.762901,44.1638648,12.0171142,1.71E+11,
CA00244,41.5407204,-122.377466,Shasta River,Montague Water Cons Dist,Siskiyou,Big Springs,CA,50000,73,219.98874,42.75315718,2.689629162,1.80E+11,
OR00587,42.00667,-121.2231,Malone Diversion Dam,USBR,Klamath,BONANZA,OR,500,19,802.3112326,42.75315718,2.553086716,1.80E+11,
CA00034,39.5205,-121.5478,Fish Barrier,California Department of Water Resources,Butte,Marysville,CA,580,61,3443.726131,42.75315718,35.18256782,1.80E+11,
CA00032,39.8941614,-120.1906129,Frenchman,California Department Of Water Resources,Plumas,Vinton,CA,55477,110,78.37568519,42.75315718,1.443919988,1.80E+11,
CA00301,36.487,-119.535,Peoples Weir,Peoples Ditch Company,Kings,None,CA,120,16,1889.79488,42.75315718,5.064117142,1.80E+11,
CA00716,36.42,-119.667,Last Chance Weir,Last Chance Water Ditch Co,Kings,Laton,CA,50,11,1905.20786,42.75315718,3.701429196,1.80E+11,
CA01461,38.157,-121.297,New Woodbridge Diversion,Woodbridge Irrigation District,San Joaquin,Woodbridge,CA,2462,25,731.16665,42.75315718,3.061438047,1.80E+11,
CA10243,37.21736441,-119.9840181,BUCHANAN DAM,CESPK,MADERA,CHOWCHILLA,CA,150000,192,92.91867034,42.75315718,2.987949875,1.80E+11,
CA10244,37.11065361,-119.8838407,HIDDEN DAM,CESPK,MADERA,MADERA,CA,90000,83,178.53004,42.75315718,2.489676277,1.80E+11,
VT00001,43.12777693,-72.7758718,BALL MOUNTAIN DAM,CENAE,WINDHAM,JAMAICA,VT,54700,170,308.33863,52.2267258,7.207701721,10801070305,
MA00565,42.0053,-72.7716,Congamond Lakes \ South Dike,William H. Wilson,Hampden,Southwick,MA,5200,10,2404.660879,52.2267258,3.296843426,10802060304,
NH00007,42.99830887,-72.30893673,SURRY MOUNTAIN DAM,CENAE,CHESHIRE,SURRY,NH,44000,77,204.0225566,52.2267258,2.153839783,10802010104,
MA00968,42.26593453,-72.88181146,LITTLEVILLE DAM,CENAE,HAMPDEN,HUNTINGTON,MA,40600,159,79.34322,52.2267258,1.729622913,10802060104,
CT00376,41.9115966,-72.95741513,SAVILLE DAM,MDC,LITCHFIELD,NEW HARTFORD,CT,0,94,109.0016907,52.2267258,1.412243312,10802070302,
CT00501,41.69505214,-73.06225706,THOMASTON DAM,CENAE,LITCHFIELD,THOMASTON,CT,63000,132,185.1544748,52.2267258,3.350831796,11000051105,
CT00502,41.94518173,-71.90099367,WEST THOMPSON DAM,CENAE,WINDHAM,PUTNAM,CT,47800,65,316.8973899,52.2267258,2.824076798,11000010105,
MA00250,42.24241047,-73.3577606,Rising Paper Co. Dam,Neenah Paper Inc,Berkshire,Great Barrington,MA,712,30,536.4124373,52.2267258,2.206300064,11000050107,
NY00950,42.82389,-73.6625,LOCK C-1 DAM AT WATERFORD,NYS CANAL CORP,SARATOGA,PLEASANTDALE,NY,11600,16,9359.194439,47.57269905,23.66612988,20200031106,
NY00176,42.391181,-74.45063013,GILBOA DAM,"NYC DEP, BUREAU OF WATER & SEWER OPERATIONS",SCHOHARIE,NORTH BLENHEIM,NY,95575,128,564.69152,47.57269905,10.88779381,20200050205,
NY00967,42.9082852,-74.57715173,LOCK E-14 DAM AT CANAJOHARIE,NYS CANAL CORP,MONTGOMERY,CANAJOHARIE,NY,3264,12,3820.822547,47.57269905,7.246143077,20200040909,
NY00965,42.93917033,-74.62169093,LOCK E-15 DAM AT FORT PLAIN,NYS CANAL CORP,MONTGOMERY,FORT PLAIN,NY,2893,12,3672.762148,47.57269905,6.965348346,20200040909,
NY00074,41.79932454,-74.42952253,MERRIMAN DAM,NEW YORK CITY DEPARTMENT OF ENVIRONMENTAL PROTECTION,ULSTER,LACKAWACK,NY,202800,136,193.3616176,47.57269905,3.972669297,20200070502,
NY00089,42.07056,-73.94972,DIAMOND MILLS PAPER COMPANY DAM,"MARCH GALLAGHER, ESQ",ULSTER,SAUGERTIES,NY,830,24,864.15733,47.57269905,3.186679558,20200060908,
NY01136,41.89167,-74.02167,EDDYVILLE DAM,VICTORIA RIVIERI & JOHN CHRISTOPHER,ULSTER,NEW SALEM,NY,90,8,2410.435088,47.57269905,3.047573711,20200070605,
NY00542,42.0641108,-75.37434166,CANNONSVILLE DAM,"NYC DEP, BUREAU OF WATER & SEWER OPERATIONS",DELAWARE,DEPOSIT,NY,450000,122,888.0126905,47.57269905,16.37324472,20401010207,
PA00008,41.11018,-75.71925,FRANCIS E WALTER DAM,CENAP,LUZERNE-CARBON,WHITE HAVEN,PA,160290,122,555.8466451,47.57269905,10.21109377,20401060204,
PA00897,39.96736134,-75.18620793,FAIRMOUNT,PHILADELPHIA WATER DEPARTMENT,PHILADELPHIA, ,PA,3683,22,2766.23503,47.57269905,9.180728884,20402031008,
PA00958,40.68833,-75.20667,EASTON,DCNR,NORTHAMPTON, ,NJ/PA,1033,21,2646.530514,47.57269905,8.365187743,20401060813,
PA00896,40.03833,-75.24667,FLAT ROCK,DEP,PHILADELPHIA, ,PA,1500,14,2650.97413,47.57269905,5.865463227,20402031007,
PA01744,40.65833,-75.245,CHAIN,DEP,NORTHAMPTON, ,PA,1197,14,2646.530514,47.57269905,5.576791829,20401060813,
PA00921,40.37985207,-76.03106566,BLUE MARSH DAM,CENAP,BERKS,READING,PA,129900,94,261.57896,47.57269905,3.700923894,20402030407,
PA00934,40.11127687,-75.34682813,NORRISTOWN DAM (SWEDE STREET),MONTGOMERY COUNTY COMMISSIONERS,MONTGOMERY, ,PA,2355,8,2583.84401,47.57269905,3.266818973,20402031007,
PA00951,40.60833,-75.45333,HAMILTON STREET,DEP,LEHIGH, ,PA,50,9,1999.303881,47.57269905,2.949065216,20401060813,
PA00723,40.57306,-76.00222,NEW KERNSVILLE,DEP,BERKS, ,PA,1260,31,498.68179,47.57269905,2.364359739,20402030603,
PA01447,40.07667,-75.31667,PLYMOUTH DAM,DEP,MONTGOMERY, ,PA,1307,5,2599.04983,47.57269905,2.190696049,20402031007,
PA00011,41.59007954,-75.32776753,PROMPTON DAM,CENAP,WAYNE,PROMPTON,PA,72800,127,114.0476991,47.57269905,2.180066496,20401030103,
PA00884,40.14806,-75.50639,BLACK ROCK,EXELON GENERATION COMPANY,MONTGOMERY, ,PA,221,7,1778.30299,47.57269905,2.060990433,20402031006,
PA00009,41.6126536,-75.26379613,GENERAL EDGAR JADWIN,CENAP,WAYNE,HONESDALE,PA,47300,97,126.5082636,47.57269905,1.847013719,20401030203,
PA00734,40.4695688,-75.18676133,NOCKAMIXON,DCNR,BUCKS, ,PA,71000,78,142.414966,47.57269905,1.680549021,20401050702,
PA00953,40.69,-75.50333,NORTHAMPTON DAM,WHITEHALL CEMENT MANUFACTURING COMPANY,LEHIGH, ,PA,50,5,1826.250879,47.57269905,1.539316614,20401060804,
PA00709,40.44719474,-75.93140359,LAKE ONTELAUNEE,READING AREA WATER AUTHORITY,BERKS, ,PA,22788,36,283.00701,47.57269905,1.535613615,20402030307,
PA00670,40.6086222,-76.10578419,AUBURN,DEP,SCHUYLKILL, ,PA,4500,35,223.82782,47.57269905,1.202712357,20402030207,
NJ00448,39.40106941,-75.05444679,Union Lake Dam,Division of Fish & Wildlife,Cumberland,Millville,NJ,20100,24,323.08809,47.57269905,1.191424497,20402060502,
PA00590,40.8500952,-76.80751006,ADAM T. BOWER MEMORIAL,DCNR,SNYDER, ,PA,38200,5,27691.97755,47.57269905,23.34110916,20503011001,
NY01055,42.34194353,-75.96720566,WHITNEY POINT DAM,CENAB,BROOME,WHITNEY POINT,NY,176000,66,412.5071997,47.57269905,4.097839651,20501020307,
NY01054,42.09404113,-75.90480699,ROCKBOTTOM DAM,CITY OF BINGHAMTON,BROOME,BINGHAMTON,NY,1360,6,3646.988269,47.57269905,3.458234251,20501011313,
PA00351,41.35603507,-77.35564726,LITTLE PINE CREEK,DCNR,LYCOMING, ,PA,35500,79,233.03389,47.57269905,2.774438231,20502050506,
PA01133,41.89901227,-77.14884292,HAMMOND DAM,CENAB,TIOGA,TIOGA,PA,136000,84,130.1101,47.57269905,1.645014721,20501040608,
MD00022,38.9484,-77.1296,Little Falls Dam - Potomac River,US Army Corps of Engineers,Montgomery,"Washington, DC",MD,13360,8,11224.86728,47.57269905,14.19188205,20700081005,
VA10703,39.05570227,-77.52649232,Goose Creek Dam,City of Fairfax,LOUDOUN,Arlington,VA,4373,24,337.6736683,47.57269905,1.219798035,20700080702,
WV06514,39.60445494,-78.28404072,Old Cacapon Power Dam,Curtis Taylor,Morgan County,Great Cacapon,WV,340,11,656.9166268,47.57269905,1.176621304,20700030708,
VA00501,37.95118954,-79.95793505,GATHRIGHT DAM,CENAO,ALLEGHANY,COVINGTON,VA,421500,182,338.1521499,47.57269905,9.263242488,20802010205,
NC00656,36.51248808,-79.04730405,Lake Hyco Dam, ,Person, ,NC,77000,60,166.446596,26.66105829,2.682168562,30101040601,
NC00666,36.52223074,-78.99742665,Roxboro Afterbay Dam, ,Person, ,NC,16800,40,171.5993158,26.66105829,1.843467318,30101040601,
NC00913,35.89888641,-77.88479346,Tar River Dam, ,Nash, ,NC,13440,20,751.685315,26.66105829,4.037624817,30201010606,
NC04530,35.8,-78.539,Bridges Lake Dam,Howard Wiggs,Wake, ,NC,190,9,832.8287191,26.66105829,2.192005644,30202010705,
NC00173,35.65505961,-79.06805919,B. EVERETT JORDAN DAM,CESAW,CHATHAM,HAYWOOD,NC,1646560,61,1459.544809,26.66105829,23.91151907,30300020704,
NC00752,35.53877654,-78.99105705,Buckhorn Lake Dam, ,Chatham, ,NC,2100,10,3237.73065,26.66105829,8.695621267,30300040104,
NC00707,35.74355941,-79.70321219,Randolph Mill Lake Dam,"L & S Water Power, Inc.",Randolph, ,NC,300,16,244.8429282,26.66105829,1.052125259,30300030110,
SC02480,35.05269115,-81.86354332,H TAYLOR BLALOCK RES DAM,SPARTANBURG COMMISSIONERS OF PUBLIC WORK, ,SPARTANBURG,SC,20000,50,467.66657,26.66105829,6.330336007,30501051502,
SC02193,34.92,-81.73666,PACOLET MILLS POND #2 DAM,MILLIKEN & CO RESEARCH CORPORATION, ,PACOLET MILLS,SC,220,15,753.37461,26.66105829,3.115958035,30501051505,
GA01703,33.37248361,-81.94045398,NEW SAVANNAH BLUFF LOCK AND DAM,CESAS,"RICHMOND,GA/AIKEN,SC",AUGUSTA,GA,11610,15,6126.711705,26.66105829,24.68190085,30601060607,
GA00201,32.82001128,-83.77069051,LAKE TOBESOFKEE DAM,BIBB COUNTY,BIBB,SHILOH CHURCH ENVIRONS,GA,43054,48,189.47917,26.66105829,2.483368655,30701031406,
FL00288,27.31502716,-81.02223998,STRUCTURE 65D,SFWMD (PAST C&SF FCD),OKEECHOBEE,NO D/S TOWN,FL,8140,27,2668.07552,26.66105829,19.56233378,30901012003,
FL00425,27.11162156,-80.28534585,STRUCTURE 80,CESAJ,MARTIN,PALM CITY,FL,2311,13,4743.355922,26.66105829,16.56109183,30902060402,
FL00287,27.40116196,-81.11506705,STRUCTURE 65C,SFWMD (PAST C&SF FCD),OKEECHOBEE,NO D/S TOWN,FL,6100,25,1956.93622,26.66105829,13.61245118,30901012003,
FL00424,26.78863096,-81.30402132,STRUCTURE 78,CESAJ,GLADES,ORTONA,FL,100986,30,356.4850854,26.66105829,2.872251856,30902050206,
FL00302,26.97,-81.09,PUMPING STATION 131 AND LOCK,SFWMD (PAST C&SF FCD),GLADES,CALUSA,FL,8519000,25,413.46299,26.66105829,2.798318098,30902010200,
FL00291,27.20648796,-80.79722505,STRUCTURE 193 (HURRICANE GATE NO.6),SFWMD (PAST C&SF FCD),OKEECHOBEE,TAYLOR CREEK,FL,8519000,25,191.4782716,26.66105829,1.331923134,30902010200,
GA01591,31.16172349,-83.54283305,REED BINGHAM PARK LAKE DAM,STATE OF GEORGIA,COLQUITT,BURNEY HILL ENVIRONS,GA,1400,13,366.7173339,26.66105829,1.309914589,31102040405,
AL01433,31.25931868,-85.11107311,GEORGE W ANDREWS LOCK AND DAM,CESAM,HOUSTON,GORDON,AL/GA,18180,25,8203.291508,26.66105829,55.07925443,31300040702,
GA02794,32.42340328,-84.90961645,AVERETT LAKE DAM,"DUDLEY, JOHN M.",MUSCOGEE,FORT BENNING MILITARY,GA,264,18,386.3582223,26.66105829,1.924837063,31300030208,
GA05183,32.54306782,-84.86301558,WIDGEON LAKE DAM,BEAVER RUN HOME ASSOCIATION,MUSCOGEE, ,GA,120,14,395.3665746,26.66105829,1.501444416,31300030302,
AL01436,31.61493388,-87.55163731,CLAIBORNE LOCK AND DAM,CESAM,MONROE,CLAIBORNE LANDING,AL,96360,30,28340.45389,26.66105829,228.3431331,31502040105,
GA01473,33.99760141,-84.61013605,DANIELL LAKE DAM,COBB COUNTY BOARD OF EDUCATION,COBB,ROBERTS ROAD ENVIRONS,GA,420,19,857.7092217,26.66105829,4.385982787,31501040807,
AL01137,33.26678962,-87.50606997,LAKE TUSCALOOSA DAM,TUSCALOOSA CITY OF,TUSCALOOSA,HOLT,AL,180000,117,627.9258369,26.66105829,19.73122797,31601120413,
MS03060,34.25808661,-88.42445571,"FULTON (TENN-TOM,AL AND MS)",CESAM,ITAWAMBA,"FULTON,MS",MS,13221,25,908.0254836,26.66105829,6.0967438,31601010905,
MS82201,34.36360128,-88.40849797,"JOHN RANKIN (TENN-TOM,AL AND MS)",CESAM,ITAWAMBA,"FULTON, MS",MS,27000,30,562.322971,26.66105829,4.530717451,31601010903,
MS03059,34.06590948,-88.42476004,"GLOVER WILKINS (TENN-TOM,AL AND MS)",CESAM,MONROE,"AMORY, MS",MS,19039,25,627.9057868,26.66105829,4.21593973,31601010905,
AL01256,33.57352068,-86.98717131,BAYVIEW LAKE,"T. C. I., US STEEL CO.",JEFFERSON,WOODRUFF BRIDGE COMMUNITY,AL,14200,90,123.43374,26.66105829,2.98357045,31601110408,
MS03605,34.52305388,-88.32377557,JAMIE L WHITTEN LOCK AND DAM,CESAM,TISHOMINGO,"TUPELO,MS",MS,180000,84,100.5971191,26.66105829,2.269471479,31601010102,
MS03604,34.46351321,-88.36474851,"G.V. MONTGOMERY (TENN-TOM,AL AND MS)",CESAM,ITAWAMBA,"FULTON, MS",MS,7700,30,206.2345461,26.66105829,1.661661545,31601010105,
AL00977,34.18496668,-86.80578231,LAKE CATOMA DAM,CULLMAN CITY OF,CULLMAN,CULLMAN,AL,21400,90,45.27371613,26.66105829,1.094330623,31601090104,
AL00017,30.71298735,-88.32668344,BIG CREEK LAKE,MOBILE WATER BOARD CITY,MOBILE,MOSS POINT MISSISSIPPI,AL,136500,56,183.09661,26.66105829,2.753773587,31700080502,
LA00089,30.45649902,-89.7797287,PEARL RIVER LOCK #1 & SPILLWAY,CEMVK,ST TAMMANY,PEARL RIVER,LA,3400,11,2006.92792,26.66105829,5.929039716,31800040705,
MS02816,32.83,-89.10667,YATES LAKE NUMBE 2 DAM,CECIL H YATES,NESHOBA,EDINBURG,MS,78,9,631.2387416,26.66105829,1.542747805,31800010603,
WI00647,44.18610993,-88.45642997,NEENAH,NEENAH PAPER,Winnebago,NEENAH,WI,1100000,9,4107.196242,66.29963798,3.992216547,40302040201,
MI00491,42.45563253,-85.66801324,Plainwell Dam #1,MDNR Wildlife,Allegan,Otsego,MI,1460,14,1096.082807,66.29963798,1.728312808,40500030607,
MI00509,42.981264,-84.95017898,Lyons Dam,Village of Lyons,Ionia,Lyons,MI,1820,12,1001.08932,66.29963798,1.377426338,40500040710,
MI00490,42.42998853,-85.63169031,Plainwell Dam Number 2,Plainwell Paper Company,Allegan,Plainwell,MI,250,9,1147.25262,66.29963798,1.214258803,40500030607,
MI00561,42.27079767,-83.67142418,Geddes Dam,City of Ann Arbor,Washtenaw,Ypsilanti,MI,3100,24,472.21722,66.29963798,1.249493587,41000130402,
MI00500,42.25612573,-83.62437831,Peninsular Paper Dam,City of Ypsilanti,Washtenaw,Ypsilanti,MI,800,19,495.30319,66.29963798,1.053812821,41000130403,
NY00468,42.73359513,-77.90725479,MOUNT MORRIS DAM,CELRB,LIVINGSTON,"MOUNT MORRIS, NY",NY,408000,57,1351.782444,66.29963798,8.377095622,41300021005,
NY00791,43.09083,-77.54444,LOCK 32 DAM ERIE CANAL,NYS CANAL CORP,MONROE,PITTSFORD,NY,488,28,7039.269101,66.29963798,21.286866,41401010703,
PA00113,40.53701267,-79.81530012,ALLEGHENY LOCK AND DAM 03,CELRP,ALLEGHENY,OAKMONT,PA,16800,14,20953.50102,47.97966865,43.77888262,50100090304,
PA00112,40.489312,-79.91394032,ALLEGHENY LOCK AND DAM 02,CELRP,ALLEGHENY,SHARPSBURG,PA,14500,11,21132.93902,47.97966865,34.69226255,50100090308,
PA00117,40.81958167,-79.52874992,ALLEGHENY LOCK AND DAM 07,CELRP,ARMSTRONG,KITTANNING,PA,8400,13,16312.51491,47.97966865,31.64785743,50100061107,
PA00103,41.92070253,-79.90071259,UNION CITY DAM,CELRP,ERIE,CAMBRIDGE SPRINGS,PA,94000,83,403.1790838,47.97966865,4.994087249,50100040304,
PA00104,41.55856394,-78.59079086,EAST BRANCH DAM,CELRP,ELK,JOHNSONBURG,PA,103000,173,131.117122,47.97966865,3.385209498,50100050101,
PA00123,40.0024912,-79.95986779,MAXWELL LOCKS AND DAM,CELRP,FAYETTE,BROWNSVILLE,PA,30900,20,9815.293361,47.97966865,29.29633678,50200050507,
PA00122,40.1462172,-79.90026372,CHARLEROI LOCKS AND DAM,CELRP,WESTMORELAND,MONESSEN,PA,25100,17,10308.85477,47.97966865,26.15407606,50200050803,
PA00120,40.3901076,-79.85993479,BRADDOCK LOCKS AND DAM,CELRP,ALLEGHENY,BRADDOCK,PA,13700,9,14506.21443,47.97966865,19.48393364,50200050808,
PA00124,39.7867728,-79.91992705,GRAYS LANDING LOCK AND DAM,CELRP,FAYETTE,GRAYS LANDING,PA,12500,15,8667.493196,47.97966865,19.40281791,50200050503,
PA00121,40.26531847,-79.90052545,MONONGAHELA LOCKS AND DAM 03,CELRP,ALLEGHENY,ELIZABETH,PA,16300,8,10558.97952,47.97966865,12.60642585,50200050807,
WV03331,39.19848661,-80.40604985,West Milford Dam,Richard Welch,Harrison County,West Milford,WV,1193,11,649.1390204,47.97966865,1.085015089,50200020305,
WV03336,39.26888214,-80.35637599,Hartland Dam,Richard Welch,Harrison County,Clarksburg,WV,0,9,757.0554281,47.97966865,1.067676111,50200020306,
PA00128,40.65078307,-80.38591519,MONTGOMERY LOCKS AND DAM,CELRP,BEAVER,INDUSTRY,PA,57500,18,37166.21641,47.97966865,99.83915483,50301010310,
PA00111,41.264749,-80.46223839,SHENANGO DAM,CELRP,MERCER,SHARPSVILLE,PA,351000,64,783.15809,47.97966865,7.480135275,50301020405,
WV00707,38.84417494,-80.62480785,BURNSVILLE LAKE DAM,CELRH,BRAXTON,BURNSVILLE,WV,65900,68,299.11899,47.97966865,3.035518876,50302030305,
OH00419,41.1272056,-80.97746092,LAKE MILTON DAM,"ODNR, Division of Parks & Recreation",MAHONING,Columbus,OH,46605,36,274.9881,47.97966865,1.508173422,50301030306,
OH00003,40.55774987,-81.41246978,DOVER DAM,CELRH,TUSCARAWAS,DOVER,OH,203000,56,1742.241509,47.97966865,14.56050451,50400011204,
OH00695,39.53672087,-81.72203292,MUSKINGUM RIVER LOCK AND DAM NO. 5,"ODNR, Division of Parks & Recreation",WASHINGTON,Columbus,OH,2525,13,7029.96196,47.97966865,14.46762624,50400040809,
OH00701,40.0431508,-81.97698425,MUSKINGUM RIVER LOCK AND DAM NO. 11,"ODNR, Division of Parks & Recreation",MUSKINGUM,Columbus,OH,1461,10,5522.99133,47.97966865,8.827624915,50400040305,
OH00700,39.94187714,-82.01291232,MUSKINGUM RIVER LOCK AND DAM NO. 10,"ODNR, Division of Parks & Recreation",MUSKINGUM,Columbus,OH,3410,8,5553.20386,47.97966865,6.729451781,50400040305,
OH00583,40.32773927,-81.96503092,SIX-MILE DAM,"ODNR, Division of Wildlife",COSHOCTON,Columbus,OH,2818,19,1561.2275,47.97966865,4.566698116,50400030905,
OH00004,40.6486474,-81.43230205,BOLIVAR DAM,CELRH,TUSCARAWAS AND STARK,BOLIVAR,OH,149600,67,403.74361,47.97966865,4.03701631,50400010607,
OH00001,40.62371187,-82.32566385,PLEASANT HILL DAM,CELRH,ASHLAND,BRINKHAVEN,OH,87700,97,202.04321,47.97966865,2.924799054,50400020405,
OH00020,40.7405606,-82.36281778,CHARLES MILL DAM,CELRH,ASHLAND,PERRYVILLE,OH,88000,38,220.31916,47.97966865,1.249441432,50400020202,
WV00701,38.66220914,-80.69293372,SUTTON DAM,CELRH,BRAXTON,SUTTON,WV,265300,109,1237.68863,47.97966865,20.29228884,50500070604,
OH00017,39.25041461,-83.35500311,PAINT CREEK DAM,CELRH,HIGHLAND AND ROSS,BAINBRIDGE,OH,145000,99,548.6149,47.97966865,8.105556411,50600030603,
OH00740,40.01590394,-83.09445278,JULIAN GRIGGS DAM,City of Columbus,FRANKLIN,Columbus,OH,16412,36,885.75516,47.97966865,4.848674805,50600011204,
OH00008,39.62231647,-83.21514331,DEER CREEK DAM,CELRH,PICKAWAY,WILLIAMSPORT,OH,102540,81,273.54705,47.97966865,3.306717501,50600020205,
OH00737,40.10824394,-82.88112965,HOOVER DAM,City of Columbus,FRANKLIN,Columbus,OH,145079,59,216.863002,47.97966865,1.937000173,50600011308,
OH00745,39.95557214,-83.00733831,RICH STREET LOW HEAD DAM,City of Columbus,FRANKLIN,Columbus,OH,675,9,1366.13951,47.97966865,1.926668068,50600012302,
OH00744,39.93960827,-82.99982171,GREENLAWN AVENUE LOW HEAD DAM,City of Columbus,FRANKLIN,Columbus,OH,417,7,1366.19271,47.97966865,1.569938819,50600012302,
OH00931,40.1856064,-82.96681678,ALUM CREEK DAM,CELRH,DELAWARE,WESTERVILLE,OH,134800,81,106.16106,47.97966865,1.283306236,50600011404,
KY03029,37.73562661,-82.72919092,DEWEY DAM,CELRH,FLOYD,PAINTSVILLE,KY,93300,86,2468.59085,47.97966865,31.68309544,50702030305,
KY03028,37.43274714,-82.41772245,FISHTRAP DAM,CELRH,PIKE,MILLARD,KY,164360,152,547.2935,47.97966865,12.41491978,50702020204,
IN03017,39.43993047,-85.00289251,BROOKVILLE LAKE DAM,CELRL,FRANKLIN,BROOKVILLE IND,IN,359600,147,383.89374,47.97966865,8.421867501,50800030717,
OH00427,39.8743202,-84.16192751,TAYLORSVILLE DAM,The Miami Conservancy District,MONTGOMERY,Dayton,OH,386000,54,986.14533,47.97966865,8.035512936,50800012005,
OH00426,39.79741154,-84.09039951,HUFFMAN DAM,The Miami Conservancy District,GREENE,Dayton,OH,297000,51,543.598,47.97966865,4.145517853,50800011903,
OH00390,39.41291267,-84.55567831,TWO MILE DAM,The Miami Conservancy District,BUTLER,Dayton,OH,415,7,3211.93078,47.97966865,3.355399664,50800020902,
OH01278,39.37963147,-84.56750918,HAMILTON LOW DAM,The Miami Conservancy District,BUTLER,Dayton,OH,291,6,3237.04905,47.97966865,3.043475914,50800020902,
OH00425,39.63768247,-84.40365711,GERMANTOWN DAM,The Miami Conservancy District,MONTGOMERY,Dayton,OH,142000,74,268.48316,47.97966865,3.001089227,50800020306,
OH02133,39.68012427,-84.24633298,SOUTH MONTGOMERY COUNTY LOW DAM,The Miami Conservancy District,MONTGOMERY,Dayton,OH,825,7,2271.1849,47.97966865,2.60989633,50800020106,
OH00422,39.60743267,-84.28683398,HUTCHINGS STATION DAM,Dayton Power & Light Company,MONTGOMERY,Miamisburg,OH,255,5,2347.16503,47.97966865,2.084205949,50800020404,
OH00391,40.21407907,-84.24417771,LOCKINGTON DAM,The Miami Conservancy District,SHELBY,Dayton,OH,165000,54,220.95392,47.97966865,1.80042234,50800010604,
OH00424,39.73013754,-84.21109245,TAIT STATION DAM,The Miami Conservancy District,MONTGOMERY,Dayton,OH,350,4,2230.32562,47.97966865,1.630964066,50800020105,
KY03030,38.25252207,-82.98577772,GRAYSON DAM,CELRH,CARTER,GRAYSON,KY,118990,89,224.416154,47.97966865,2.980740451,50901040303,
WV09901,38.14490061,-82.38415232,EAST LYNN DAM,CELRH,WAYNE,EAST LYNN,WV,82500,92,152.4342383,47.97966865,2.092909223,50901020203,
KY01106,38.5081,-85.0122,STEVE BOONE,STEVE BOONE,HENRY,NO TOWN,KY,0,18,7569.38688,47.97966865,20.55948021,51002051506,
KY01206,37.55237568,-83.76957785,KENTUCKY RIVER LOCK & DAM 14,COMMONWEALTH OF KENTUCKY,LEE,HEIDELBERG,KY,6370,23,3245.695011,47.97966865,11.14077962,51002040105,
KY03004,37.21368408,-86.90050524,GREEN RIVER LOCK & DAM 3,CELRL,OHIO,PARADISE KENTUCKY,KY,40070,17,7816.845426,47.97966865,19.8317247,51100030501,
KY03011,37.27789288,-86.24720384,NOLIN LAKE DAM,CELRL,EDMONSON,KYROCK,KY,609400,102,893.0698713,47.97966865,13.66121553,51100011107,
IN03004,40.71561094,-85.95647878,MISSISSINEWA LAKE DAM,CELRL,MIAMI,PERU,IN,368400,122,755.20838,47.97966865,13.75012577,51201030605,
IN03005,40.80676427,-85.67840751,SALAMONIE LAKE DAM,CELRL,WABASH,LAGRO IND,IN,263600,114,513.81208,47.97966865,8.741565204,51201020406,
IN03780,39.76228194,-86.17387718,WHITE RIVER DAM (IN-CHANNEL), ,Marion,Indianapolis,IN,688,12,1609.88682,47.97966865,3.027233561,51202011201,
IN03002,39.48739227,-86.91704424,CAGLES MILL LAKE DAM,CELRL,PUTNAM,BOWLING GREEN,IN,228120,54,295.45194,47.97966865,2.421572154,51202030512,
IN03003,39.71740674,-87.07038144,CECIL M HARDEN LAKE DAM,CELRL,PARKE,MANSFIELD,IN,132800,67,239.4413808,47.97966865,2.39416485,51201081208,
IN03664,38.98583534,-85.89864818,SEYMOUR WATER CO. DAM (IN-CHANNEL), ,Jackson,Seymour,IN,620,6,2420.5482,47.97966865,2.27580121,51202060502,
IN00084,39.8225328,-86.30398491,EAGLE CREEK RESERVOIR DAM, ,Marion,Clermont,IN,110000,85,172.88282,47.97966865,2.193061462,51202011110,
IN03772,39.48628194,-86.42969451,WEST FORK WHITE RIVER DAM (IN-CHANNEL), ,Morgan,Martinsville,IN,367,5,2401.66271,47.97966865,2.007151163,51202011503,
IN03351,39.71010987,-86.20155831,HARDING ST. POWER PLANT DAM (IN-CHANNEL), ,Marion,Indianapolis,IN,688,7,1869.40354,47.97966865,1.952905103,51202011205,
IN03389,39.78718694,-86.19521724,EMERICHSVILLE DAM (IN-CHANNEL), ,Marion,Indianapolis,IN,918,7,1269.37393,47.97966865,1.326073677,51202011006,
IN03176,39.8734552,-86.14036071,BROAD RIPPLE DAM (IN-CHANNEL), ,Marion,Indianapolis,IN,459,7,1217.05758,47.97966865,1.271420487,51202011006,
IN00356,39.90738727,-85.98491671,GEIST RESERVOIR DAM, ,Marion,Indianapolis,IN,60000,39,215.65745,47.97966865,1.255188964,51202010809,
KY00119,36.97025654,-84.12014065,CORBIN RESERVOIR DAM,CITY OF CORBIN,LAUREL,CORBIN,KY,0,35,207.6964753,47.97966865,1.084868777,51301010805,
KY03042,37.19919494,-89.03649917,OHIO RIVER LOCKS & DAM 53,CELRL,BALLARD,OLMSTED ILL.,IL/KY,388170,12,276989.9288,47.97966865,496.0497832,51402060702,
TN07305,36.38134021,-82.96578752,John Sevier,TVA,Hawkins,McCloud,TN,5500,15,4629.390477,42.60133563,11.67156631,60101040104,
TN06503,35.08833,-85.24722,W. R. GRACE & CO.,DAVISON CHEMICAL CO.,HAMILTON, ,TN,75,28,689.1457062,42.60133563,3.243270371,60200010905,
TN05101,35.29815095,-86.09688231,ELK RIVER DAM,USAF AFMC,FRANLKIN,ESTILL SPRINGS,TN,101844,75,392.5854924,42.60133563,4.94891026,60300030205,
TN03107,35.46537728,-86.24687458,Normandy,TVA,Bedford; Coffee,Shelbyville,TN,71000,93,295.6830489,42.60133563,4.621930864,60400020105,
TN11708,35.58666148,-86.78436178,LILLARD MILL,CITY OF LEWISBURG,MARSHALL, ,TN,556,12,1365.44916,42.60133563,2.799944572,60400020703,
MN00507,45.14390953,-93.3118445,COON RAPIDS,THREE RIVERS PARK DISTRICT,Hennepin,COON RAPIDS,MN,2000,23,8773.17176,55.99000942,25.80543661,70102060702,
MN00549,45.19966286,-93.39079163,RUM RIVER,CITY OF ANOKA,Anoka,ANOKA,MN,1000,24,855.96784,55.99000942,2.627213898,70102070707,
MN00969,44.7911536,-95.5002525,Minnesota Falls,"Granite Falls, MN",Yellow Medicine,MORTON,MN,5000,17,778.25176,55.99000942,1.691982147,70200040207,
WI00802,43.9982082,-91.4391127,LOCK & DAM #6,CEMVP,TREMPEALEAU,TREMPEALEAU,MN/WI,180000,6,29754.07679,55.99000942,22.83097577,70400030610,
MN00595,44.61192446,-92.61022683,LOCK & DAM #3,CEMVP,GOODHUE,RED WING,MN/WI,11100000,8,18391.05303,55.99000942,18.81582768,70400010102,
WI01249,42.54055,-90.64299,DUBUQUE NUMBER 11,DAEN NCR (CORPS OF ENGR),Grant,DUBUQUE IOWA,IA/WI,244300,12,44800.68208,55.99000942,68.75315235,70600050202,
IA01288,43.3391,-91.6422,DECORAH LOWER MILLDAM,IOWA DEPT. OF NATURAL RESOURCES,WINNESHIEK,LANSING,IA,1318,18,540.921735,55.99000942,1.307443649,70600020408,
IA01297,42.40813233,-91.34547264,HATWICK LAKE DAM,LAKE DELHI RECREATION ASSOCIATION,DELAWARE,HOPKINTON,IA,9920,38,223.58327,55.99000942,1.100846527,70600060210,
IA00012,41.72475587,-91.52810244,CORALVILLE DAM,CEMVR,JOHNSON,IOWA CITY,IA,420960,93,1575.06182,55.99000942,18.7329984,70802081009,
IA03065,41.90037494,-91.5067073,PALISADES-KEPLER DAM,IOWA DEPARTMENT OF NATURAL RESOURCES,LINN,CEDAR BLUFF,IA,0,5,3323.78707,55.99000942,2.380389163,70802060401,
IA01315,40.93478727,-91.6155907,OAKLAND MILLS DAM,HENRY CO CONSERVATION BOARD,HENRY,OAKLAND MILLS,IA,3140,7,2010.345379,55.99000942,1.7996807,70801071002,
IA01314,42.95528773,-92.5356537,NASHUA MILLDAM,CITY OF NASHUA,CHICKASAW,NASHUA,IA,5242,17,521.27239,55.99000942,1.133288253,70802011005,
IL01010,42.0166404,-89.32770917,OREGON DAM,ILLINOIS DEPARTMENT OF NATURAL RESOURCES,OGLE,GRAND DETOUR,IL,3500,8,4538.58136,55.99000942,4.875578514,70900050408,
IA00013,41.36961574,-92.98087803,RED ROCK DAM,CEMVR,MARION,HARVEY,IA,1624970,104,4995.0639,55.99000942,66.43564121,71000081509,
IA00017,41.705009,-93.6755387,SAYLORVILLE DAM,CEMVR,POLK,DES MOINES,IA,641000,94,2020.75021,55.99000942,24.34390692,71000041001,
IA01286,41.57963354,-93.61162003,DES MOINES-CENTER STREET MILLDAM,CITY OF DES MOINES,POLK,DES MOINES,IA,2731,7,3742.76061,55.99000942,3.685611197,71000081503,
IA01276,41.5798,-93.6115,DES MOINES-SCOTT STREET MILLDAM,CITY OF DES MOINES,POLK,DES MOINES,IA,798,4,3742.76061,55.99000942,2.345388944,71000081503,
IA01269,42.07730933,-93.93607023,BOONE MILLDAM,CITY OF BOONE,BOONE,BOONE,IA,387,4,1876.38607,55.99000942,1.175831318,71000040704,
IA01292,42.12588253,-93.97693403,FRASER MILLDAM,CITY OF FRASER,BOONE,FRASER,IA,345,4,1865.57041,55.99000942,1.16905372,71000040704,
IA00415,41.69577827,-94.38139563,LAKE PANORAMA DAM,LAKE PANORAMA ASSOCIATION,GUTHRIE,PANORA,IA,60200,49,185.47194,55.99000942,1.162253969,71000070601,
MO10305,39.63721901,-91.2476797,MISSISSIPPI RIVER DAM 22,CEMVR,RALLS,ASHBURN,IL/MO,0,10,74223.81637,55.99000942,94.92268714,71100040505,
IL00001,41.50398607,-88.09912791,BRANDON ROAD LOCK & DAM,CEMVR,WILL,JOLIET,IL,0,34,922.84231,55.99000942,4.012667348,71200040706,
IL00146,39.8261782,-88.95598897,LAKE DECATUR DAM,CITY OF DECATUR,MACON,DECATUR,IL,57520,23,674.75816,55.99000942,1.993365183,71300060409,
IL01073,40.14064087,-88.88161411,CLINTON POWER STATION/CLINTON LAKE DAM,AMERGEN ENERGY CO.,DEWITT,KENNEY,IL,250000,45,182.88432,55.99000942,1.064178822,71300090403,
IL00115,37.98405647,-89.94607717,KASKASKIA LOCK & DAM,CEMVS,RANDOLPH,CHESTER,IL/MO,25246,29,4813.225073,55.99000942,17.85093266,71402040910,
AR01514,33.06202442,-92.1140983,FELSENTHAL LOCK & DAM,CEMVK,UNION,STERLINGTON,AR,76700,18,13487.76266,43.0763824,40.35621997,80402020206,
LA00006,30.72687262,-93.0948967,BUNDICKS CREEK DAM,STATE OF LOUISIANA,BEAUREGARD,DRY CREEK,LA,57500,40,282.3968446,43.0763824,1.87766405,80802040308,
LA00012,31.00140302,-92.38265077,BAYOU COCODRIE DAM,STATE OF LOUISIANA,RAPIDES,LONE PINE,LA,100000,25,366.3742677,43.0763824,1.522520091,80801020307,
MN00738,48.59618646,-97.15296443,RED RIVER DRAYTON,CITY OF DRAYTON ND,Kittson,ST. VINCENT,MN/ND,12707,12,4053.71661,46.9127453,7.424736854,90203110503,
ND00129,47.94192219,-97.04790709,GRAND FORKS RIVERSIDE PARK,CITY OF GRAND FORKS,Grand Forks,GRAND FORKS,MN/ND,5250,13,3588.03847,46.9127453,7.283752285,90203010705,
MN00574,46.21654486,-96.17833116,ORWELL RESERVOIR & DAM,CEMVP,OTTER TAIL,BRECKENRIDGE,MN,20600,35,331.3077541,46.9127453,1.769889205,90201030905,
MN00010,47.92305526,-97.01814543,GRAND FORKS EAST,CITY OF EAST GRAND FORKS,Polk,EAST GRAND FORKS,MN/ND,80,7,1087.869939,46.9127453,1.162308601,90203030704,
MT00572,48.82823006,-113.5216055,LAKE SHERBURNE,DOI BR,GLACIER,BABB,MT,110679,94,260.31261,38.31611163,4.572765328,90400010203,
MT00882,44.82983093,-111.4230997,EARTHQUAKE LAKE,U.S. D.A. F.S.,MADISON,ENNIS,MT,59500,140,310.416297,38.31611163,8.121353293,1.00E+11,
MT00004,45.23894313,-112.1089895,RUBY DAM,"STATE OF MONTANA, D.N.R.C., W.R.D.",MADISON,ALDER,MT,56355,77,127.91132,38.31611163,1.857316229,1.00E+11,
MT00584,48.37270619,-106.9750435,VANDALIA DIVERSION,DOI BR,VALLEY,NONE,MT,1400,30,2992.93565,38.31611163,16.77932508,1.01E+11,
CO00357,39.20865094,-105.2721875,CHEESMAN,DENVER BOARD OF WATER COMMISSIONERS,DOUGLAS,DECKERS,CO,87227,126,752.03371,38.31611163,17.80754511,1.02E+11,
KS00008,39.07632981,-96.89942083,MILFORD DAM,CENWK,GEARY,"JUNCTION CITY, KS",KS,1145000,102,199.662437,38.31611163,3.839437448,1.03E+11,
KS00012,39.25456581,-96.60233103,TUTTLE CREEK DAM,CENWK,RILEY,"MANHATTAN, KS",KS,2257000,86,756.56927,38.31611163,12.17893798,1.03E+11,
MO30201,37.90296047,-93.3171623,POMME DE TERRE DAM,CENWK,HICKORY,"HERMITAGE,MO",MO,650000,108,223.70841,38.31611163,4.535946288,1.03E+11,
KS00007,38.50979854,-95.70932256,MELVERN DAM,CENWK,OSAGE,"MELVERN, KS",KS,363000,86,234.6692677,38.31611163,3.775854265,1.03E+11,
MO30203,37.13535354,-90.77220757,CLEARWATER DAM,CESWL,WAYNE,LEEPER,MO,413000,77,922.9130189,35.84313703,14.281359,1.10E+11,
MO20023,37.11185248,-93.2634853,LAKE SPRINGFIELD DAM,SPRINGFIELD CITY UTILIT.,GREENE,BATTLEFIELD,MO,2806,34,232.28026,35.84313703,1.591613796,1.10E+11,
AR00288,36.06582488,-94.06925116,LAKE SEQUOYAH,City of Fayetteville,WASHINGTON,GOSHEN,AR,6000,28,243.25114,35.84313703,1.360642985,1.10E+11,
CO01283,38.06745987,-102.9372707,JOHN MARTIN DAM & RESERVOIR,CESPA,BENT,LAMAR,CO,608245,78,5026.7161,35.84313703,78.86401387,1.10E+11,
CO00050,37.14325948,-104.5530617,TRINIDAD,CESPA,LAS ANIMAS,TRINIDAD,CO,164930,195,138.94557,35.84313703,5.412658006,1.10E+11,
OK10312,36.92830874,-96.08833489,HULAH LAKE,CESWT,OSAGE,"BARTLESVILLE, OK",OK,289000,86,335.00822,35.84313703,5.755528197,1.11E+11,
KS00003,37.64700581,-96.07059176,FALL RIVER LAKE,CESWT,GREENWOOD,"FALL RIVER, KS",KS,256400,88,271.90193,35.84313703,4.779981699,1.11E+11,
OK00037,36.35112774,-96.08759036,SKIATOOK LAKE,CESWT,OSAGE,"SKIATOOK, OK",OK,893000,104,182.54523,35.84313703,3.79258305,1.11E+11,
OK11026,36.37485528,-94.93569016,EUCHA,CITY OF TULSA,DELAWARE,SPAVINAW,OK,119000,66,238.6336883,35.84313703,3.170185465,1.11E+11,
OK11025,36.38253728,-95.04821343,SPAVINAW,CITY OF TULSA,MAYES,SPAVINAW,OK,72400,52,260.2627531,35.84313703,2.729622531,1.11E+11,
OK10316,36.08170834,-98.60243882,CANTON LAKE,CESWT,BLAINE,"CANTON, OK",OK,383800,66,511.14701,35.84313703,6.739396866,1.11E+11,
AR00172,34.66788448,-92.1580573,DAVID D. TERRY LOCK & DAM,CESWL,PULASKI,PINE BLUFF,AR,59600,18,45856.6009,35.84313703,164.8942973,1.11E+11,
OK10305,35.31617861,-94.5590891,W.D.MAYO LOCK AND DAM,CESWT,LE FLORE,"ARKHOMA, OK",OK,15800,21,32145.27969,35.84313703,134.8552241,1.11E+11,
OK02500,34.88625168,-99.29568936,ALTUS,DOI BR,KIOWA,ALTUS,OK,168120,62,113.8598648,35.84313703,1.410241934,1.11E+11,
LA00181,32.71148875,-93.91613696,CADDO DAM,CEMVK,CADDO,SHREVEPORT,LA,755000,34,1883.950338,35.84313703,12.79615932,1.11E+11,
LA00179,32.70183142,-93.51033057,BAYOU BODCAU DAM,CEMVK,BOSSIER,BOSSIER CITY,LA,1197700,70,583.61344,35.84313703,8.161210809,1.11E+11,
LA00180,32.31883808,-93.67029503,WALLACE LAKE DAM,CEMVK,CADDO,COUSHATTA,LA,267748,43,258.0167028,35.84313703,2.216396971,1.11E+11,
TX03453,32.36578202,-94.60489556,LAKE CHEROKEE DAM,CHEROKEE WATER COMPANY,GREGG,NONE,TX,101041,42,114.4918407,24.57349343,1.401180907,1.20E+11,
TX00007,33.03189522,-96.48127903,LAVON LAKE,CESWF,COLLIN,ROCKWALL,TX,1020500,76,494.6107,24.57349343,10.95336304,1.20E+11,
TX00837,32.79995842,-96.49522176,ROCKWALL-FORNEY DAM,CITY OF DALLAS,KAUFMAN,SEAGOVILLE,TX,583600,57,369.2071771,24.57349343,6.13218676,1.20E+11,
TX00785,32.79014782,-97.41571869,LAKE WORTH DAM,CITY OF FORT WORTH,TARRANT,FT WORTH,TX,116000,58,358.45013,24.57349343,6.057970002,1.20E+11,
TX00009,31.95762695,-96.68960449,NAVARRO MILLS LAKE,CESWF,NAVARRO,RICHLAND,TX,323879,77,162.47852,24.57349343,3.645499662,1.20E+11,
TX08007,32.64361188,-97.00074389,JOE POOL LAKE,CESWF,DALLAS,DALLAS,TX,642500,103,80.88196291,24.57349343,2.427500287,1.20E+11,
TX07058,32.84111,-96.88972,NEW FRASIER DAM,CITY OF DALLAS,DALLAS,NONE,TX,651,11,686.06033,24.57349343,2.238982573,1.20E+11,
TX05891,32.86892035,-96.92364903,CALIFORNIA CROSSING DAM,CITY OF DALLAS,DALLAS,NONE,TX,3600,11,678.24014,24.57349343,2.213461101,1.20E+11,
TX02561,32.09776248,-96.34812503,LAKE CORSICANA DAM,CITY OF CORSICANA,NAVARRO,NONE,TX,4000,12,475.19697,24.57349343,1.744675211,1.20E+11,
TX00097,30.35701402,-95.56472303,CONROE DAM,SAN JACINTO RIVER AUTHORITY,MONTGOMERY,CONROE,TX,706970,57,270.26748,24.57349343,4.520391684,1.20E+11,
TX04455,31.32564842,-96.31720536,STERLING C ROBERTSON DAM,BRAZOS RIVER AUTHORITY,ROBERTSON,NONE,TX,557878,62,348.19992,24.57349343,6.290580715,1.21E+11,
TX08005,30.70186882,-97.33106976,GRANGER DAM AND LAKE,CESWF,WILLIAMSON,LANEPORT,TX,650000,91,235.02324,24.57349343,6.259323353,1.21E+11,
TX08006,30.66759049,-97.72758189,NORTH SAN GABRIEL DAM,CESWF,WILLIAMSON,GEORGETOWN,TX,236500,101,79.3444,24.57349343,2.356846469,1.21E+11,
TX02336,31.065,-97.44334,TEMPLE CITY LAKE DAM,CITY OF TEMPLE,BELL,NONE,TX,500,7,806.9852865,24.57349343,1.810617545,1.21E+11,
TX00010,31.96933048,-98.48564629,PROCTOR LAKE,CESWF,COMANCHE,GATESVILLE,TX,585800,81,65.5780741,24.57349343,1.547797211,1.21E+11,
TX05827,31.715,-98.01833,HAMILTON LOW WATER LAKE DAM,UPPER LEON RIVER MWD,HAMILTON,NONE,TX,90,8,455.4253795,24.57349343,1.114722835,1.21E+11,
TX04779,28.88938442,-96.58329616,PALMETTO BEND DAM,LAVACA-NAVIDAD RIVER AUTHORITY,JACKSON,NONE,TX,204000,60,596.46263,24.57349343,10.42809244,1.21E+11,
TX01788,29.51054155,-98.90099922,MEDINA DIVERSION LAKE DAM,BEXAR MEDINA ATASCOSA COUNTIES WCID 1,MEDINA,RIO MEDINA,TX,4500,51,164.10655,24.57349343,2.438745462,1.21E+11,
TX01787,29.54038229,-98.93401229,MEDINA LAKE DAM,BEXAR MEDINA ATASCOSA COUNTIES WCID 1,MEDINA,RIO MEDINA,TX,327250,52,159.99699,24.57349343,2.424295407,1.21E+11,
TX04562,29.60037182,-97.58718483,ZEDLER DAM,MAY JOHN R AND MAY MARIE A,GONZALES,OTTINE TEX,TX,120,8,752.25298,24.57349343,1.841253501,1.21E+11,
TX04744,28.73210282,-97.16470429,COLETO CREEK DAM,GUADALUPE-BLANCO RIVER AUTHORITY,VICTORIA,RAISIN,TX,169000,45,85.35554,24.57349343,1.131653559,1.21E+11,
TX02480,28.46167,-98.19,TIPS STATE PARK LAKE DAM,CITY OF THREE RIVERS,LIVE OAK,THREE RIVERS,TX,300,11,1084.53659,24.57349343,3.539424185,1.21E+11,
NM00130,34.60746448,-104.3899024,SUMNER,DOI BR,DEBACA,FORT SUMNER,NM,227683,130,298.79243,28.26325019,9.840748292,1.31E+11,
NM00158,35.02914561,-104.6885339,SANTA ROSA DAM,CESPA,GUADALUPE,SANTA ROSA,NM,717000,160,195.92422,28.26325019,7.941879439,1.31E+11,
CO02593,40.1067416,-105.983479,WINDY GAP,NORTHERN COLORADO WATER CONSERVANCY DISTRICT,GRAND,HOT SULPHUR SPRINGS,CO,1633,23,295.8130145,31.24756912,1.559071956,1.40E+11,
WY01387,42.24644127,-109.4296397,BIG SANDY,DOI BR,SWEETWATER,FARSON,WY,54400,69,123.44552,31.24756912,1.951845648,1.40E+11,
UT10136,40.1900958,-110.4487457,STARVATION,DOI BR,DUCHESNE,DUCHESNE,UT,186990,155,556.98281,31.24756912,19.78310867,1.41E+11,
UT00608,40.55927727,-110.6995673,UPPER STILLWATER,DOI BR,DUCHESNE,DUCHESNE,UT,35253,198,107.24244,31.24756912,4.865785091,1.41E+11,
AZ10005,32.70554368,-114.7288755,Morelos Diversion,IBWC,YUMA,YUMA,AZ/CA,1160,18,6641.455791,34.01330234,25.1665843,1.50E+11,
WY01197,41.50406974,-111.0178389,WOODRUFF NARROWS,WOODRUFF NARROWS RESERVOIR ASSOCIATION,UINTA,"WOODRUFF, UT",WY,35500,56,115.3073499,31.09121264,1.487115296,1.60E+11,
MT00593,47.50228946,-114.2272667,Crow,BIA, , ,MT,0,69,198.57169,44.1638648,2.231108952,1.70E+11,
MT00599,47.92845486,-114.7325987,Hubbart,BIA, , ,MT,0,91,121.39765,44.1638648,1.791108456,1.70E+11,
MT00017,46.80281479,-112.8105664,NEVADA CREEK DAM,"STATE OF MONTANA, D.N.R.C., W.R.D.",POWELL,HELMVILLE,MT,15903,88,108.7839,44.1638648,1.552092173,1.70E+11,
MT01402,46.1707,-112.7735,WARM SPRINGS TAILING DAM #2,ATLANTIC RICHFIELD CO,DEER LODGE,DEER LODGE,MT,1650,17,391.9125282,44.1638648,1.080210216,1.70E+11,
WA00556,48.95075752,-119.4289612,Osoyoos Lake Control Dam,WA ECY,OKANOGAN,Within Oroville City Limits,WA,55000,8,3852.643625,44.1638648,4.997111469,1.70E+11,
ID00181,43.95175853,-113.6745201,MACKAY,BIG LOST RIVER IRRIGATION DIST,CUSTER,MACKAY,ID,0,46,441.30458,44.1638648,3.355687341,1.70E+11,
ID00233,42.19607293,-113.9156547,OAKLEY,OAKLEY CANAL CO,CASSIA,OAKLEY,ID,0,97,66.70145,44.1638648,1.052248529,1.70E+11,
WA00555,46.50983,-122.6312,Barrier Dam,PAVCO FLIGHT CENTER,LEWIS,None,WA,50,30,1298.4602,44.1638648,6.315679881,1.71E+11,
OR00005,43.71587133,-123.0503604,COTTAGE GROVE,CENWP,LANE,COTTAGE GROVE,OR,50000,76,248.64117,44.1638648,3.063774839,1.71E+11,
OR10020,45.47177986,-123.2015923,SCOGGINS,DOI BR,WASHINGTON,FOREST GROVE,OR,62540,70,188.11233,44.1638648,2.157813566,1.71E+11,
OR00622,44.98249,-122.7462,Silver Creek Dam,City of Silverton,Marion,SILVERTON,OR,2500,49,208.0323,44.1638648,1.652711553,1.71E+11,
WA00298,47.27757673,-121.7869039,HOWARD A HANSON DAM,CENWS,KING,AUBURN,WA,136700,149,1083.667467,44.1638648,26.26681651,1.71E+11,
WA83004,48.5403,-121.7428,Fish Barrier Dam,Puget Sound Energy Inc.,Skagit,Concrete,WA,84,25,1493.622137,44.1638648,6.102552083,1.71E+11,
WA01543,47.37593,-121.9615,Landsburg Diversion Dam,City of Seattle,KING,Landsburg,WA,15,24,942.08019,44.1638648,3.665804715,1.71E+11,
WA00143,47.04338439,-122.909081,Deschutes Dam,STATE OF WA,THURSTON,Olympia,WA,4300,20,839.697431,44.1638648,2.722845707,1.71E+11,
WA00139,47.17742086,-122.5357327,Steilacom Lake Dam,J & Z DEV CO,PIERCE,Within Lakewood City Limits,WA,6970,22,551.56953,44.1638648,1.967402232,1.71E+11,
WA00137,47.19097,-122.5739,Chambers Creek Reservoir Dam,WA DFW,PIERCE,None,WA,111,16,737.48708,44.1638648,1.913130569,1.71E+11,
CA00849,38.483,-123.01,Russian River No 1,Russian Rv Park & Rec Dist,Sonoma,Monte Rio,CA,315,8,3192.814618,42.75315718,4.491817281,1.80E+11,
CA00791,38.602,-122.858,Healdsburg Recreation,"Co Of Sonoma,Reg Parks Dept",Sonoma,Hacienda,CA,125,13,1862.497835,42.75315718,4.055162119,1.80E+11,
CA00226,40.593,-122.393,Anderson Cottonwood,Anderson Cottonwood Id,Shasta,Redding,CA,1240,15,5524.289805,42.75315718,13.87831706,1.80E+11,
CA10110,38.93664387,-121.0246877,NORTH FORK DAM,CESPK,PLACER,FOLSOM,CA,14700,108,338.9772728,42.75315718,6.15983972,1.80E+11,
CA01086,39.042,-121.332,Camp Far West Diversion,South Sutter Water Dist,Yuba,Sheridan,CA,425,29,408.64623,42.75315718,2.012166524,1.80E+11,
CA10180,38.4937,-122.0047,PUTAH DIVERSION,DOI BR,"YOLO, SOLANO",WINTERS,CA,720,23,369.88723,42.75315718,1.42484055,1.80E+11,
CA00260,37.863,-120.628,Goodwin,Tri-Dam Project,Calaveras,Knights Ferry,CA,500,81,389.1834189,42.75315718,5.28620834,1.80E+11,
CA00886,36.78790108,-120.3726746,Mendota Diversion,Central Calif Irr Dist,Fresno,Firebaugh,CA,3000,17,651.0588612,42.75315718,1.853694955,1.80E+11,
CA10197,34.98449581,-120.3234971,TWITCHELL,DOI BR,"SAN LUIS OBISPO, SANTA BARBARA",SANTA MARIA,CA,398120,210,138.2335365,42.75315718,4.861852803,1.81E+11,
CA10324,34.11764508,-117.0975958,Seven Oaks,San Bernardino County Department Of Transportation And Flood Cont,San Bernardino,Yucaipa,CA,145600,320,39.80612,42.75315718,2.133383435,1.81E+11,