start,end,lat,lon,name,site_id,json_filename,csv_filename,mean_flow_cfs,post_csv_filename,hydrosource_potential_cap_mw,hydrosource_annual_mean_flow_cfs,norm_ratio,head,mean_flow_cfs_2016,max_power_mw_2016,min_power_mw_2016,mean_power_mw_2016,median_power_mw_2016,mean_capacity_factor_2016,mean_capacity_factor_01,stdev_capacity_factor_01,mean_power_mw_01,mean_capacity_factor_02,stdev_capacity_factor_02,mean_power_mw_02,mean_capacity_factor_03,stdev_capacity_factor_03,mean_power_mw_03,mean_capacity_factor_04,stdev_capacity_factor_04,mean_power_mw_04,mean_capacity_factor_05,stdev_capacity_factor_05,mean_power_mw_05,mean_capacity_factor_06,stdev_capacity_factor_06,mean_power_mw_06,mean_capacity_factor_07,stdev_capacity_factor_07,mean_power_mw_07,mean_capacity_factor_08,stdev_capacity_factor_08,mean_power_mw_08,mean_capacity_factor_09,stdev_capacity_factor_09,mean_power_mw_09,mean_capacity_factor_10,stdev_capacity_factor_10,mean_power_mw_10,mean_capacity_factor_11,stdev_capacity_factor_11,mean_power_mw_11,mean_capacity_factor_12,stdev_capacity_factor_12,mean_power_mw_12,mean_flow_cfs_2019,max_power_mw_2019,min_power_mw_2019,mean_power_mw_2019,median_power_mw_2019,mean_capacity_factor_2019,mean_flow_cfs_2018,max_power_mw_2018,min_power_mw_2018,mean_power_mw_2018,median_power_mw_2018,mean_capacity_factor_2018,mean_flow_cfs_2015,max_power_mw_2015,min_power_mw_2015,mean_power_mw_2015,median_power_mw_2015,mean_capacity_factor_2015,mean_flow_cfs_2012,max_power_mw_2012,min_power_mw_2012,mean_power_mw_2012,median_power_mw_2012,mean_capacity_factor_2012,mean_flow_cfs_2010,max_power_mw_2010,min_power_mw_2010,mean_power_mw_2010,median_power_mw_2010,mean_capacity_factor_2010,mean_flow_cfs_2014,max_power_mw_2014,min_power_mw_2014,mean_power_mw_2014,median_power_mw_2014,mean_capacity_factor_2014,mean_flow_cfs_2013,max_power_mw_2013,min_power_mw_2013,mean_power_mw_2013,median_power_mw_2013,mean_capacity_factor_2013,mean_flow_cfs_2011,max_power_mw_2011,min_power_mw_2011,mean_power_mw_2011,median_power_mw_2011,mean_capacity_factor_2011,mean_flow_cfs_2017,max_power_mw_2017,min_power_mw_2017,mean_power_mw_2017,median_power_mw_2017,mean_capacity_factor_2017
1/1/80,12/31/20,40.14771527,-105.8658793,GRANBY,9019500,data/1980_2020_npd/raw/npd_09019500_1980-01-01_2020-12-31.json,../data/npd/raw/npd_09019500_1980-01-01_2020-12-31.csv,69.26442395264117,/Users/galljf/OneDrive - Idaho National Laboratory/code/hat/data/npd/synthetic_profiles/npd_9019500_2016_synthetic.csv,3.5952114319999997,70.99227861,0.9756613720366563,221.0,69.26442395264117,0.0,0.0,0.0,0.0,0.0,0.0,0.0,0.0,0.0,0.0,0.0,0.0,0.0,0.0,0.0,0.0,0.0,0.0,0.0,0.0,0.0,0.0,0.0,0.0,0.0,0.0,0.0,0.0,0.0,0.0,0.0,0.0,0.0,0.0,0.0,0.0,0.0,0.0,0.0,0.0,0.0,,,,,,,,,,,,,,,,,,,,,,,,,,,,,,,,,,,,,,,,,,,,,,,,,,,,,,
1/1/80,12/31/20,36.46667,-91.53,MAMMOTH SPRINGS DAM 3,7069220,data/1980_2020_npd/raw/npd_07069220_1980-01-01_2020-12-31.json,../data/npd/raw/npd_07069220_1980-01-01_2020-12-31.csv,,,,,,,,,,,,,,,,,,,,,,,,,,,,,,,,,,,,,,,,,,,,,,,,,,,,,,,,,,,,,,,,,,,,,,,,,,,,,,,,,,,,,,,,,,,,,,,,,,,,,,
1/1/80,12/31/20,35.39471361,-106.54753090000001,JEMEZ CANYON DAM,8328950,data/1980_2020_npd/raw/npd_08328950_1980-01-01_2020-12-31.json,../data/npd/raw/npd_08328950_1980-01-01_2020-12-31.csv,31.586314890710383,/Users/galljf/OneDrive - Idaho National Laboratory/code/hat/data/npd/synthetic_profiles/npd_8328950_2016_synthetic.csv,1.3447646080000002,60.73229,0.5200909580506577,87.0,31.586314890710383,0.0,0.0,0.0,0.0,0.0,0.0,0.0,0.0,0.0,0.0,0.0,0.0,0.0,0.0,0.0,0.0,0.0,0.0,0.0,0.0,0.0,0.0,0.0,0.0,0.0,0.0,0.0,0.0,0.0,0.0,0.0,0.0,0.0,0.0,0.0,0.0,0.0,0.0,0.0,0.0,0.0,,,,,,,,,,,,,,,,,,,,,,,,,,,,,,,,,,,,,,,,,,,,,,,,,,,,,,
1/1/80,12/31/20,41.4750376,-79.44546419,TIONESTA DAM,3020000,data/1980_2020_npd/raw/npd_03020000_1980-01-01_2020-12-31.json,../data/npd/raw/npd_03020000_1980-01-01_2020-12-31.csv,1106.8170205479453,/Users/galljf/OneDrive - Idaho National Laboratory/code/hat/data/npd/synthetic_profiles/npd_3020000_2019_synthetic.csv,5.893181321,868.4499809,1.274474114676033,45.0,,,,,,,0.49985666369288523,1.7693454318940236,2.372968335021246,0.5453146577513207,1.5155287098270955,2.588770960672602,0.3095541581544205,2.0064400695165627,1.4695457090593433,0.5218993819040079,1.4436528075498247,2.4776116780675403,0.45458656154206606,1.9331580782188134,2.1580576881701456,0.7284304328824223,1.3092386214959522,3.4580760386898306,0.1187949219549069,1.093490412462326,0.5639548467308484,0.0,0.0,0.0,0.0,0.0,0.0,0.018498450272891764,0.2506221001678026,0.08781764840391802,0.2124925717399354,1.6943381737268144,1.008765473767704,0.347927006041037,2.000957274789023,1.6517130373626314,1106.8170205479453,4.747297590253217,0.0,1.4746437200596636,0.019422957037734875,0.310628034586938,,,,,,,,,,,,,,,,,,,,,,,,,,,,,,,,,,,,,,,,,,,,,,,,
1/1/80,12/31/20,34.39866661,-87.98793911,Bear Creek,3592000,data/1980_2020_npd/raw/npd_03592000_1980-01-01_2020-12-31.json,../data/npd/raw/npd_03592000_1980-01-01_2020-12-31.csv,533.4320776255707,/Users/galljf/OneDrive - Idaho National Laboratory/code/hat/data/npd/synthetic_profiles/npd_3592000_2018_synthetic.csv,2.176294183,163.89905190000002,3.2546379703955486,79.0,,,,,,,0.031133980955077762,0.25843141575052475,0.08078886828565733,0.8076783440603682,0.7362122299631281,2.095826404262922,0.8049578468380333,0.8565081398217899,2.0887670470903252,0.8070720743733628,0.7609520092555692,2.094253208661635,0.28510618664231174,1.117326313379182,0.7398156436629783,0.1559724780206115,0.919364920813091,0.40472948195015984,0.0,0.0,0.0,0.0,0.0,0.0,0.0,0.0,0.0,0.0,0.0,0.0,0.2032035846946912,0.7904138742848843,0.5272884204162582,0.49377168127329296,1.1143561498923535,1.2812770515641245,,,,,,,533.4320776255707,2.594877552029888,0.0,0.7654284372024632,0.0,0.29497670770772727,,,,,,,,,,,,,,,,,,,,,,,,,,,,,,,,,,,,,,,,,,
1/1/80,12/31/20,35.34394228,-103.4448062,UTE DAM,7227000,data/1980_2020_npd/raw/npd_07227000_1980-01-01_2020-12-31.json,../data/npd/raw/npd_07227000_1980-01-01_2020-12-31.csv,2.9667648401826483,/Users/galljf/OneDrive - Idaho National Laboratory/code/hat/data/npd/synthetic_profiles/npd_7227000_2015_synthetic.csv,13.74559184,744.66373,0.003984032954287499,92.0,,,,,,,0.0,0.0,0.0,0.0,0.0,0.0,0.0,0.0,0.0,0.0,0.0,0.0,0.0,0.0,0.0,0.0,0.0,0.0,0.0,0.0,0.0,0.0,0.0,0.0,0.0,0.0,0.0,0.0,0.0,0.0,0.0,0.0,0.0,0.0,0.0,0.0,,,,,,,,,,,,,2.9667648401826483,0.0,0.0,0.0,0.0,0.0,,,,,,,,,,,,,,,,,,,,,,,,,,,,,,,,,,,,
1/1/80,12/31/20,32.25014342,-96.64707736,BARDWELL LAKE,8063800,data/1980_2020_npd/raw/npd_08063800_1980-01-01_2020-12-31.json,../data/npd/raw/npd_08063800_1980-01-01_2020-12-31.csv,63.97035177595628,/Users/galljf/OneDrive - Idaho National Laboratory/code/hat/data/npd/synthetic_profiles/npd_8063800_2012_synthetic.csv,1.95246781,85.90509,0.744663113395915,78.0,,,,,,,0.0,0.0,0.0,0.0,0.0,0.0,0.0,0.0,0.0,0.0,0.0,0.0,0.0,0.0,0.0,0.0,0.0,0.0,0.0,0.0,0.0,0.0,0.0,0.0,0.0,0.0,0.0,0.0,0.0,0.0,0.0,0.0,0.0,0.0,0.0,0.0,,,,,,,,,,,,,,,,,,,63.97035177595628,0.0,0.0,0.0,0.0,0.0,,,,,,,,,,,,,,,,,,,,,,,,,,,,,,
1/1/80,12/31/20,42.17066253,-104.6973797,GRAYROCKS,6670500,data/1980_2020_npd/raw/npd_06670500_1980-01-01_2020-12-31.json,../data/npd/raw/npd_06670500_1980-01-01_2020-12-31.csv,113.73834360730594,/Users/galljf/OneDrive - Idaho National Laboratory/code/hat/data/npd/synthetic_profiles/npd_6670500_2019_synthetic.csv,3.8026750469999997,274.98033780000003,0.41362355038646664,74.0,,,,,,,0.0,0.0,0.0,0.0,0.0,0.0,0.0,0.0,0.0,0.30488589063207466,0.14251936300393797,0.11938467146624124,0.8217223428039221,0.1327530790808129,0.3217631741788312,0.9688621436790862,0.029422827952489326,0.37937894888940293,0.7860299104366156,0.1422360633331965,0.3077870295197,0.27492569486481655,0.16986900902344113,0.10765310815472443,0.0,0.0,0.0,0.006367729889376255,0.009761110248926338,0.0024934225039175144,0.6023292532095046,0.1254407936712575,0.23585505993683453,0.46864302042292616,0.14715910291265757,0.18350732109035187,113.73834360730594,0.3915716506878647,0.0,0.1387887291168428,0.0,0.35444018705908853,,,,,,,,,,,,,,,,,,,,,,,,,,,,,,,,,,,,,,,,,,,,,,,,
1/1/80,12/31/20,41.988617,-72.60346926,ENFIELD DAM,1184000,data/1980_2020_npd/raw/npd_01184000_1980-01-01_2020-12-31.json,../data/npd/raw/npd_01184000_1980-01-01_2020-12-31.csv,19307.559360730593,/Users/galljf/OneDrive - Idaho National Laboratory/code/hat/data/npd/synthetic_profiles/npd_1184000_2010_synthetic.csv,29.26385634,16940.121740000002,1.1397532825953935,12.0,,,,,,,0.08358216591647068,76.93267879869389,42.32882120683452,0.053151621322480185,52.02693453298454,26.917769492370667,0.4316073395205578,119.55938211928618,218.58047952934243,0.35119064693062496,121.83365436540639,177.8547605274439,0.07387774290189225,46.1605532471149,37.41417485619918,0.009776575460816424,12.46667014638445,4.951186777207875,0.0002378875246951531,1.3845907644335098,0.12047424698494535,0.001231752132114662,2.479132937362019,0.6238007259051458,0.0,0.0,0.0,0.20481319483877397,95.45238109200668,103.72429345507807,0.14567497979498983,50.169471760686044,73.7747114643297,0.18083599889325905,98.39833499072614,91.58143463955963,,,,,,,,,,,,,,,,,,,,,,,,,19307.559360730593,506.4336481676795,0.0,65.14163054058314,8.767829892130319,0.12862816437310423,,,,,,,,,,,,,,,,,,,,,,,,
1/1/80,12/31/20,41.35790294,-73.66544033,CROTON FALLS DAM,1374701,data/1980_2020_npd/raw/npd_01374701_1980-01-01_2020-12-31.json,../data/npd/raw/npd_01374701_1980-01-01_2020-12-31.csv,127.03960045662099,/Users/galljf/OneDrive - Idaho National Laboratory/code/hat/data/npd/synthetic_profiles/npd_1374701_2010_synthetic.csv,1.246366475,120.7096946,1.0524390843469251,68.0,,,,,,,0.0,0.0,0.0,0.0,0.0,0.0,0.0,0.0,0.0,0.0,0.0,0.0,0.0,0.0,0.0,0.0,0.0,0.0,0.0,0.0,0.0,0.0,0.0,0.0,0.0,0.0,0.0,0.0,0.0,0.0,0.0,0.0,0.0,0.0,0.0,0.0,,,,,,,,,,,,,,,,,,,,,,,,,127.03960045662099,0.0,0.0,0.0,0.0,0.0,,,,,,,,,,,,,,,,,,,,,,,,
1/1/80,12/31/20,36.75166341,-83.25657005,MARTINS FORK DAM,3400800,data/1980_2020_npd/raw/npd_03400800_1980-01-01_2020-12-31.json,../data/npd/raw/npd_03400800_1980-01-01_2020-12-31.csv,124.90408447488585,/Users/galljf/OneDrive - Idaho National Laboratory/code/hat/data/npd/synthetic_profiles/npd_3400800_2015_synthetic.csv,1.216025416,84.00224217,1.4869136971619223,97.0,,,,,,,0.4047903165733013,0.3151293498360069,0.2803893879065327,0.33379005337905326,0.2939050144097685,0.23120906040570688,0.9486749340833098,0.11959368259768105,0.6571263520868373,0.6202237100096538,0.32186866936046593,0.4296153818275302,0.0,0.0,0.0,0.0,0.0,0.0,0.2974603479576338,0.31515858436281197,0.20604426903379708,0.0,0.0,0.0,0.0,0.0,0.0,0.011514142508042304,0.04391473552649108,0.007975594370508985,0.09699437731762674,0.17396745258293683,0.06718588111664926,0.7247604860226645,0.2774733933507596,0.5020257173517068,,,,,,,,,,,,,124.90408447488585,0.692678101294843,0.0,0.1990090206107289,0.0,0.2873037565915765,,,,,,,,,,,,,,,,,,,,,,,,,,,,,,,,,,,,
1/1/80,12/31/20,43.106390000000005,-75.20834,UTICA HARBOR DAM,1342602,data/1980_2020_npd/raw/npd_01342602_1980-01-01_2020-12-31.json,../data/npd/raw/npd_01342602_1980-01-01_2020-12-31.csv,1470.0966894977169,/Users/galljf/OneDrive - Idaho National Laboratory/code/hat/data/npd/synthetic_profiles/npd_1342602_2018_synthetic.csv,1.2145550459999999,480.3175209,3.0606767930162277,16.0,,,,,,,0.20109480195810284,0.37906580940383827,0.4332203807619059,0.1642414008270401,0.49568018509498724,0.3538267598681315,0.2472022436776935,0.3709158682525034,0.5325500663789418,0.23855418221730018,0.33153383441307666,0.5139194680629071,0.0461702645097995,0.1805403872282848,0.09946502533158738,0.0018246969099019578,0.021153023242133966,0.003930961329609581,0.0,0.0,0.0,0.0022903490036210042,0.03608047953717764,0.004934119916401762,0.026334299827459606,0.15978936160975526,0.05673222424081933,0.06072830959953625,0.22988875747752927,0.1308275557178216,0.25756239368922784,0.245201952055198,0.5548690328019649,0.19141230310856475,0.3131597945415106,0.4123612844676241,,,,,,,1470.0966894977169,2.1543091941887456,0.0,0.25699948295662867,0.01969073325594396,0.1192955420001388,,,,,,,,,,,,,,,,,,,,,,,,,,,,,,,,,,,,,,,,,,
1/1/80,12/31/20,36.12065721,-114.9102765,LAKE LAS VEGAS,9419800,data/1980_2020_npd/raw/npd_09419800_1980-01-01_2020-12-31.json,../data/npd/raw/npd_09419800_1980-01-01_2020-12-31.csv,301.12765981735157,/Users/galljf/OneDrive - Idaho National Laboratory/code/hat/data/npd/synthetic_profiles/npd_9419800_2014_synthetic.csv,2.291057443,76.64064472,3.92908568185322,142.0,,,,,,,0.6924754235141056,0.7642580855095287,1.5069303235963616,0.7231376163387531,0.7396696552402904,1.5736558514438903,0.7628743506989588,0.7087745905911345,1.6601289419460945,0.5617372183881462,0.7678151238715849,1.2224243915921817,0.48071667257300454,0.6940199993546181,1.046111538922865,0.4609353235852489,0.682432509660268,1.003064358302333,0.6233183273174775,0.7627570748240268,1.3564341156274056,0.7196888253736975,0.7609272763633816,1.5661507653303446,0.705455501685893,0.7655027110214953,1.5351769194112077,0.6952826244908303,0.8031291942979533,1.5130392137209931,0.7025149225388343,0.784092167750702,1.5287777783945482,0.6673674712316949,0.7781389609755424,1.4522916557491052,,,,,,,,,,,,,,,,,,,,,,,,,,,,,,,301.12765981735157,2.1761498999475544,0.0,1.4133680834880145,1.7146601425025105,0.6494810323140318,,,,,,,,,,,,,,,,,,
1/1/80,12/31/20,40.89590634,-74.3981726,Boonton Dam,1381000,data/1980_2020_npd/raw/npd_01381000_1980-01-01_2020-12-31.json,../data/npd/raw/npd_01381000_1980-01-01_2020-12-31.csv,137.12918721461187,/Users/galljf/OneDrive - Idaho National Laboratory/code/hat/data/npd/synthetic_profiles/npd_1381000_2013_synthetic.csv,2.698287215,213.4171901,0.6425404961538376,84.0,,,,,,,0.0,0.0,0.0,0.0,0.0,0.0,0.0,0.0,0.0,0.0,0.0,0.0,0.0,0.0,0.0,0.0,0.0,0.0,0.0,0.0,0.0,0.0,0.0,0.0,0.0,0.0,0.0,0.0,0.0,0.0,0.0,0.0,0.0,0.0,0.0,0.0,,,,,,,,,,,,,,,,,,,,,,,,,,,,,,,,,,,,,137.12918721461187,0.0,0.0,0.0,0.0,0.0,,,,,,,,,,,,
1/1/80,12/31/20,37.60163041,-83.83265398,KENTUCKY RIVER LOCK & DAM 13,3282060,data/1980_2020_npd/raw/npd_03282060_1980-01-01_2020-12-31.json,../data/npd/raw/npd_03282060_1980-01-01_2020-12-31.csv,4717.312328767123,/Users/galljf/OneDrive - Idaho National Laboratory/code/hat/data/npd/synthetic_profiles/npd_3282060_2013_synthetic.csv,12.18140454,3400.9957159999994,1.3870385977184583,24.0,,,,,,,0.1207268776643686,2.9331522264609022,1.4907621969631066,0.06964281946481349,2.2246627348278167,0.85996494365324,0.13837710120512448,2.0514052028416723,1.7087110624647697,0.1059908718909379,2.327596823516948,1.3087987372409624,0.06451605962308893,1.5756653630260933,0.7966585788005092,0.0055640168523760644,0.27583144716073665,0.06870571116605603,0.03924087261365734,1.5653893707253979,0.4845549773176201,0.018361181911451776,0.7325221075301993,0.22672793676692377,0.0,0.0,0.0,0.0,0.0,0.0,0.0005016782905129546,0.04163178946584481,0.006194834530658275,0.15737777396181993,2.5964488880728345,1.9433355736800413,,,,,,,,,,,,,,,,,,,,,,,,,,,,,,,,,,,,,4717.312328767123,12.348221256144447,0.0,0.7445568685375428,0.0,0.06029668995176556,,,,,,,,,,,,
1/1/80,12/31/20,43.09355473,-71.65996233,EVERETT DAM,1091500,data/1980_2020_npd/raw/npd_01091500_1980-01-01_2020-12-31.json,../data/npd/raw/npd_01091500_1980-01-01_2020-12-31.csv,502.2814269406392,/Users/galljf/OneDrive - Idaho National Laboratory/code/hat/data/npd/synthetic_profiles/npd_1091500_2018_synthetic.csv,1.194996054,108.27448000000001,4.638964111770743,80.0,,,,,,,0.3127011573230855,1.082133259888811,0.8365866883069019,0.5383544700721814,1.2047045796785096,1.440289467133525,0.4499233666186044,1.0859536163553232,1.203704848723827,0.57103100982576,1.0210360744565117,1.5277108198774498,0.05771948003083102,0.47380623556135654,0.15442011492109184,0.007296606230052186,0.17418631765493234,0.0195210139103256,0.0,0.0,0.0,0.3088906170668876,1.138144575907241,0.8263921393615679,0.17462036356843794,0.9158953794470629,0.46717150943490204,0.28767834519018626,1.1054327622087081,0.7696417760667498,0.8812010173623049,0.4894421852379793,2.3575257832708343,0.565690655486068,1.087576594838948,1.5134234747659887,,,,,,,502.2814269406392,2.675355267209751,0.0,0.9203156689892439,0.0,0.34399755436932405,,,,,,,,,,,,,,,,,,,,,,,,,,,,,,,,,,,,,,,,,,
1/1/80,12/31/20,37.78452214,-84.10328751,KENTUCKY RIVER LOCK & DAM 11,3282290,data/1980_2020_npd/raw/npd_03282290_1980-01-01_2020-12-31.json,../data/npd/raw/npd_03282290_1980-01-01_2020-12-31.csv,5484.46506849315,/Users/galljf/OneDrive - Idaho National Laboratory/code/hat/data/npd/synthetic_profiles/npd_3282290_2014_synthetic.csv,14.09742525,3935.940453,1.393431921540595,24.0,,,,,,,0.07569355256432161,4.224346102535572,2.4956510523186113,0.31626663124903703,10.690644527688523,10.427455501169808,0.14799651667729835,6.760083942078733,4.879512852449757,0.1339520281047678,7.998907866617805,4.416459639885472,0.055217070287780015,5.767568152285688,1.820532065165648,0.0,0.0,0.0,0.0008937384454858632,0.14964224702846649,0.029466965367744256,0.04228666889733877,2.907850992894817,1.3942108166083804,0.0032326298484848643,0.5209449170093076,0.10658128479664535,0.07205629277008595,4.13176842479818,2.375728933121909,0.056383366822207,3.176948681542931,1.8589853954012034,0.03850364591551979,2.3861692302694104,1.269482818441042,,,,,,,,,,,,,,,,,,,,,,,,,,,,,,,5484.46506849315,32.970457426977,0.0,2.5359772445011513,0.0,0.07691665334391663,,,,,,,,,,,,,,,,,,
1/1/80,12/31/20,32.65073255,-97.44840009,BENBROOK LAKE,8047000,data/1980_2020_npd/raw/npd_08047000_1980-01-01_2020-12-31.json,../data/npd/raw/npd_08047000_1980-01-01_2020-12-31.csv,55.88808970856101,/Users/galljf/OneDrive - Idaho National Laboratory/code/hat/data/npd/synthetic_profiles/npd_8047000_2012_synthetic.csv,5.329573062,147.50282990000002,0.3788950337186785,124.0,,,,,,,0.0,0.0,0.0,0.0,0.0,0.0,0.0,0.0,0.0,0.0,0.0,0.0,0.0,0.0,0.0,0.0,0.0,0.0,0.0,0.0,0.0,0.0,0.0,0.0,0.0,0.0,0.0,0.0,0.0,0.0,0.0,0.0,0.0,0.0,0.0,0.0,,,,,,,,,,,,,,,,,,,55.88808970856101,0.0,0.0,0.0,0.0,0.0,,,,,,,,,,,,,,,,,,,,,,,,,,,,,,
1/1/80,12/31/20,43.75577387,-74.275498,INDIAN LAKE STONE DAM,1315000,data/1980_2020_npd/raw/npd_01315000_1980-01-01_2020-12-31.json,../data/npd/raw/npd_01315000_1980-01-01_2020-12-31.csv,303.2593721461187,/Users/galljf/OneDrive - Idaho National Laboratory/code/hat/data/npd/synthetic_profiles/npd_1315000_2010_synthetic.csv,1.14797863,231.82401000000002,1.3081447954684189,32.0,,,,,,,0.08838231390793859,0.15847493909122862,0.07422156134232694,0.7205805203827346,0.142600583195148,0.6051279824081309,0.13479608487435407,0.2391535547598467,0.11319884533266036,0.005185147421349955,0.05806115153857122,0.004354374991851919,0.1301332622708362,0.2656373821234444,0.10928310745940345,0.2904087388188303,0.23297686672640455,0.24387899648159753,0.6281716635418426,0.2488887724130019,0.5275250171391429,0.22265150137802447,0.07990623048424639,0.1869779295969065,0.7581835371114816,0.32092337038929014,0.6367061849849089,0.6376602675112375,0.30512655392919563,0.5354933421402406,0.9659903891191555,0.004032208758759642,0.8112178981508394,0.738592196460283,0.3300598952751943,0.6202537995739996,,,,,,,,,,,,,,,,,,,,,,,,,303.2593721461187,0.8397784359848068,0.0,0.36987361322144846,0.18681730084262574,0.44044190392635924,,,,,,,,,,,,,,,,,,,,,,,,
1/1/80,12/31/20,42.46480853,-85.74945551,Otsego Dam,4108660,data/1980_2020_npd/raw/npd_04108660_1980-01-01_2020-12-31.json,../data/npd/raw/npd_04108660_1980-01-01_2020-12-31.csv,2312.6632420091323,/Users/galljf/OneDrive - Idaho National Laboratory/code/hat/data/npd/synthetic_profiles/npd_4108660_2014_synthetic.csv,2.499793464,1285.894966,1.7984853375723786,18.0,,,,,,,0.8166423330860405,0.0003367079069780976,1.1001564781888489,0.8166591350417753,2.2221000130172676e-16,1.1001791132883274,0.614633858199794,0.35394901938170475,0.8280166156185133,0.545637737904994,0.3082575799592307,0.7350670762217797,0.7182585025869423,0.1954546195351716,0.9676166818944377,0.7439877430771759,0.0795908209775899,1.0022783562375275,0.7070233122795154,0.1296424171123252,0.952480964702689,0.5527922242684995,0.15107500887098166,0.7447053893510783,0.6523728691301618,0.08077589612230136,0.8788574986750978,0.6801010868052073,0.2514430931345771,0.91621213615581,0.6730007200185752,0.2791394155963608,0.9066467313251406,0.7200411929696859,0.21132045393670365,0.970018269828006,,,,,,,,,,,,,,,,,,,,,,,,,,,,,,,2312.6632420091323,1.3471705220465686,0.002860230360592772,0.9242353634350147,1.021046202625835,0.6860567005511319,,,,,,,,,,,,,,,,,,
1/1/80,12/31/20,37.74576434,-84.58728285,KENTUCKY RIVER LOCK & DAM 8,3284500,data/1980_2020_npd/raw/npd_03284500_1980-01-01_2020-12-31.json,../data/npd/raw/npd_03284500_1980-01-01_2020-12-31.csv,4749.45150273224,/Users/galljf/OneDrive - Idaho National Laboratory/code/hat/data/npd/synthetic_profiles/npd_3284500_2012_synthetic.csv,20.11715944,5391.959355,0.880839633616311,25.0,,,,,,,0.2158884927971576,5.926787368488404,5.6967676571069115,0.07911872440444784,1.774453802231176,2.08774902459622,0.2885968091622222,6.035542890452117,7.615361741046205,0.010553711007037706,0.7245530910408203,0.2784865406598327,0.026354561805823313,1.2487956599475332,0.6954322269214345,0.0,0.0,0.0,0.0,0.0,0.0,0.0,0.0,0.0,0.0002021574582591339,0.03691238728515782,0.005334439343812665,0.0,0.0,0.0,0.0002309091108339915,0.03690242892358044,0.0060931249150289,0.10881976183631643,4.444517937593177,2.8714865329374626,,,,,,,,,,,,,,,,,,,4749.45150273224,26.387546567659932,0.0,1.6188323436044343,0.0,0.06134834625316945,,,,,,,,,,,,,,,,,,,,,,,,,,,,,,
1/1/80,12/31/20,37.84321867,-84.44046271,KENTUCKY RIVER LOCK & DAM 9,3284230,data/1980_2020_npd/raw/npd_03284230_1980-01-01_2020-12-31.json,../data/npd/raw/npd_03284230_1980-01-01_2020-12-31.csv,6508.292465753425,/Users/galljf/OneDrive - Idaho National Laboratory/code/hat/data/npd/synthetic_profiles/npd_3284230_2014_synthetic.csv,17.94639204,5010.555413,1.2989163733959537,24.0,,,,,,,0.06649090929881597,2.373381945400873,1.5902444790261612,0.1577241100830707,4.875401435078061,3.772243422656638,0.1085360634483794,3.18671880590191,2.5958266700541572,0.10310793278965466,4.055312986321596,2.466003587432795,0.05098629761872831,3.4373877171086487,1.2194250183853512,0.0,0.0,0.0,0.0,0.0,0.0,0.031767246516241465,1.5901117947904237,0.7597683490728805,0.003433540895375203,0.3577489861906032,0.08211903717307396,0.05074236911156678,2.104784013195866,1.2135910485106511,0.03926078842223552,1.6218976210544616,0.9389892947634279,0.03911986986104831,1.539753999174631,0.9356189849529069,,,,,,,,,,,,,,,,,,,,,,,,,,,,,,,6508.292465753425,23.916720282459412,0.0,1.2821503683987128,0.0,0.05360895445764967,,,,,,,,,,,,,,,,,,
1/1/80,12/31/20,31.09381882,-93.38931823,LOWER ANACOCO DAM,8028000,data/1980_2020_npd/raw/npd_08028000_1980-01-01_2020-12-31.json,../data/npd/raw/npd_08028000_1980-01-01_2020-12-31.csv,544.4465528233152,/Users/galljf/OneDrive - Idaho National Laboratory/code/hat/data/npd/synthetic_profiles/npd_8028000_2012_synthetic.csv,1.930988458,184.08008,2.95766143095611,36.0,,,,,,,0.0,0.0,0.0,0.0,0.0,0.0,0.0,0.0,0.0,0.0,0.0,0.0,0.0,0.0,0.0,0.0,0.0,0.0,0.0,0.0,0.0,0.0,0.0,0.0,0.0,0.0,0.0,0.0,0.0,0.0,0.0,0.0,0.0,0.0,0.0,0.0,,,,,,,,,,,,,,,,,,,544.4465528233152,0.0,0.0,0.0,0.0,0.0,,,,,,,,,,,,,,,,,,,,,,,,,,,,,,
1/1/80,12/31/20,41.40856114,-78.01935312,GEORGE B STEVENSON,1544000,data/1980_2020_npd/raw/npd_01544000_1980-01-01_2020-12-31.json,../data/npd/raw/npd_01544000_1980-01-01_2020-12-31.csv,405.09086757990866,/Users/galljf/OneDrive - Idaho National Laboratory/code/hat/data/npd/synthetic_profiles/npd_1544000_2013_synthetic.csv,2.388784845,384.37281129999997,1.0539009411457525,41.0,,,,,,,0.0,0.0,0.0,0.0,0.0,0.0,0.0,0.0,0.0,0.0,0.0,0.0,0.0,0.0,0.0,0.0,0.0,0.0,0.0,0.0,0.0,0.0,0.0,0.0,0.0,0.0,0.0,0.0,0.0,0.0,0.0,0.0,0.0,0.0,0.0,0.0,,,,,,,,,,,,,,,,,,,,,,,,,,,,,,,,,,,,,405.09086757990866,0.0,0.0,0.0,0.0,0.0,,,,,,,,,,,,
1/1/80,12/31/20,40.3587684,-83.06903945,DELAWARE DAM,3225500,data/1980_2020_npd/raw/npd_03225500_1980-01-01_2020-12-31.json,../data/npd/raw/npd_03225500_1980-01-01_2020-12-31.csv,458.1995810502283,/Users/galljf/OneDrive - Idaho National Laboratory/code/hat/data/npd/synthetic_profiles/npd_3225500_2015_synthetic.csv,3.226290442,327.55142,1.3988630580512467,66.0,,,,,,,0.0,0.0,0.0,0.0,0.0,0.0,0.0,0.0,0.0,0.0,0.0,0.0,0.0,0.0,0.0,0.0,0.0,0.0,0.0,0.0,0.0,0.0,0.0,0.0,0.0,0.0,0.0,0.0,0.0,0.0,0.0,0.0,0.0,0.0,0.0,0.0,,,,,,,,,,,,,458.1995810502283,0.0,0.0,0.0,0.0,0.0,,,,,,,,,,,,,,,,,,,,,,,,,,,,,,,,,,,,
1/1/80,12/31/20,37.85831301,-87.41062104,GREEN RIVER LOCK & DAM 1,3321500,data/1980_2020_npd/raw/npd_03321500_1980-01-01_2020-12-31.json,../data/npd/raw/npd_03321500_1980-01-01_2020-12-31.csv,16882.186643835616,/Users/galljf/OneDrive - Idaho National Laboratory/code/hat/data/npd/synthetic_profiles/npd_3321500_2015_synthetic.csv,14.75826889,12361.33545,1.3657251445138652,8.0,,,,,,,0.0,0.0,0.0,0.11121957114804915,118.25939227017189,70.50241402285157,0.6114741688592885,81.03147942052718,387.6152782482004,0.6291344695002741,140.29909887498974,398.81019488658063,0.08805471653308616,74.58055869243299,55.81814439310004,0.0,0.0,0.0,0.27954233230864434,118.56581943199157,177.20270853322103,0.000526745206292845,1.2883163280536094,0.3339053390987824,0.0,0.0,0.0,0.007314568247919054,13.070568474733125,4.636726375493118,0.09354795669859421,70.27862652613398,59.30032552792992,0.3106536954998044,168.96807799568953,196.92429337550308,,,,,,,,,,,,,16882.186643835616,633.902947971295,0.0,112.92012588843363,0.5078207538202719,0.17813472275182884,,,,,,,,,,,,,,,,,,,,,,,,,,,,,,,,,,,,
1/1/80,12/31/20,38.05201874,-84.83054111,KENTUCKY RIVER LOCK & DAM 5,3287250,data/1980_2020_npd/raw/npd_03287250_1980-01-01_2020-12-31.json,../data/npd/raw/npd_03287250_1980-01-01_2020-12-31.csv,9167.63904109589,/Users/galljf/OneDrive - Idaho National Laboratory/code/hat/data/npd/synthetic_profiles/npd_3287250_2013_synthetic.csv,20.95946263,6383.7728210000005,1.4360847884401695,22.0,,,,,,,0.16007784918680906,28.5966525891603,20.511125188591727,0.09551758963359112,23.792349822909436,12.238877825006167,0.2402525446636528,24.146267491736083,30.78408440335279,0.1466269739031136,29.33906971234105,18.787635097729453,0.12581097276326056,23.569118462055712,16.120435310411366,0.006940304874286052,3.7514862111569425,0.8892764542166586,0.11687067849572037,28.804688313693315,14.97489583773661,0.03376729544411175,10.554155417804264,4.326677473821357,0.0,0.0,0.0,0.0,0.0,0.0,0.003941420513753174,2.728143907556251,0.5050228372579645,0.25086370301646493,32.5337816154184,32.14371534839697,,,,,,,,,,,,,,,,,,,,,,,,,,,,,,,,,,,,,9167.63904109589,128.13218876182847,0.0,12.692700140295699,0.0,0.0990594187373856,,,,,,,,,,,,
1/1/80,12/31/20,43.059751,-76.83772739,DAM AT LOCK E 26,4235600,data/1980_2020_npd/raw/npd_04235600_1980-01-01_2020-12-31.json,../data/npd/raw/npd_04235600_1980-01-01_2020-12-31.csv,3468.8197488584474,/Users/galljf/OneDrive - Idaho National Laboratory/code/hat/data/npd/synthetic_profiles/npd_4235600_2014_synthetic.csv,13.27753882,6272.423622,0.5530270207981254,19.0,,,,,,,0.15809221668767018,1.1692624972356556,1.9175111049140405,0.028528345705191565,0.45125865814494137,0.3460222194404717,0.09970504268953283,1.2861370504294283,1.2093291534447723,0.4780450390019319,2.0238836309305257,5.798240357058396,0.3549210719848874,3.5687079678862235,4.304861498928527,0.06868280422971777,0.5782819786361015,0.8330583414318862,0.024924074662930805,0.34832232475869246,0.3023057741058537,0.039228662093786906,0.4226997527219835,0.47580707495781155,0.0037348433948216353,0.09946320744604938,0.04530016616082961,0.01409803554880989,0.25991112016248785,0.17099601921404542,0.03012898095544519,0.3854623132522196,0.36543643180072866,0.06945022516395963,0.5041281349001624,0.8423664414407529,,,,,,,,,,,,,,,,,,,,,,,,,,,,,,,3468.8197488584474,12.129067104564104,0.0,1.3886799181234748,0.5874122713394071,0.11449189835885416,,,,,,,,,,,,,,,,,,
1/1/80,12/31/20,40.36465014,-106.8002453,LAKE CATAMOUNT,9239500,data/1980_2020_npd/raw/npd_09239500_1980-01-01_2020-12-31.json,../data/npd/raw/npd_09239500_1980-01-01_2020-12-31.csv,480.6888242009133,/Users/galljf/OneDrive - Idaho National Laboratory/code/hat/data/npd/synthetic_profiles/npd_9239500_2015_synthetic.csv,2.55501223,214.42163,2.2417926036702234,52.0,,,,,,,0.0,0.0,0.0,0.0,0.0,0.0,0.0,0.0,0.0,0.0,0.0,0.0,0.0,0.0,0.0,0.0,0.0,0.0,0.0,0.0,0.0,0.0,0.0,0.0,0.0,0.0,0.0,0.0,0.0,0.0,0.0,0.0,0.0,0.0,0.0,0.0,,,,,,,,,,,,,480.6888242009133,0.0,0.0,0.0,0.0,0.0,,,,,,,,,,,,,,,,,,,,,,,,,,,,,,,,,,,,
1/1/80,12/31/20,31.75747968,-88.12944571,COFFEEVILLE LOCK AND DAM,2469761,data/1980_2020_npd/raw/npd_02469761_1980-01-01_2020-12-31.json,../data/npd/raw/npd_02469761_1980-01-01_2020-12-31.csv,27981.034132420093,/Users/galljf/OneDrive - Idaho National Laboratory/code/hat/data/npd/synthetic_profiles/npd_2469761_2014_synthetic.csv,241.7081373,26469.90941,1.0570883979621482,34.0,,,,,,,0.09836273548056974,128.1843378002454,108.0848536795787,0.28874666512394875,161.47111698118567,317.286225295689,0.1422304582336632,184.9251579114927,156.28843780988217,0.4993643902373784,335.9137102226816,548.7212894995268,0.1018416630361394,225.0999571724841,111.90763650448172,0.05614695786772645,120.55514870557951,61.696492030617264,8.448774627945847e-05,0.7227156586626803,0.09283846824427239,0.0,0.0,0.0,0.0,0.0,0.0,0.020976644364457758,58.51897706180033,23.049964254693208,0.014523183372314449,53.548902018105096,15.958646758745118,0.11272537281433846,197.93042322994924,123.86708611840612,,,,,,,,,,,,,,,,,,,,,,,,,,,,,,,27981.034132420093,1098.8394451568445,0.0,120.26663692832835,0.0,0.10944878021844394,,,,,,,,,,,,,,,,,,
1/1/80,12/31/20,32.77891215,-87.84084137,A.I.SELDEN,2466030,data/1980_2020_npd/raw/npd_02466030_1980-01-01_2020-12-31.json,../data/npd/raw/npd_02466030_1980-01-01_2020-12-31.csv,9167.13196347032,/Users/galljf/OneDrive - Idaho National Laboratory/code/hat/data/npd/synthetic_profiles/npd_2466030_2010_synthetic.csv,50.95915164,8624.612847,1.0629035906996138,22.0,,,,,,,0.0,0.0,0.0,0.0,0.0,0.0,0.0,0.0,0.0,0.0,0.0,0.0,0.0,0.0,0.0,0.0,0.0,0.0,0.0,0.0,0.0,0.0,0.0,0.0,0.0,0.0,0.0,0.0,0.0,0.0,0.0,0.0,0.0,0.0,0.0,0.0,,,,,,,,,,,,,,,,,,,,,,,,,9167.13196347032,0.0,0.0,0.0,0.0,0.0,,,,,,,,,,,,,,,,,,,,,,,,
1/1/80,12/31/20,39.39009,-120.0955,BOCA,10344500,data/1980_2020_npd/raw/npd_10344500_1980-01-01_2020-12-31.json,../data/npd/raw/npd_10344500_1980-01-01_2020-12-31.csv,124.78996461187215,/Users/galljf/OneDrive - Idaho National Laboratory/code/hat/data/npd/synthetic_profiles/npd_10344500_2014_synthetic.csv,1.57437754,73.50659641,1.697670286838304,93.0,,,,,,,0.589713371085303,0.23422133378804558,0.751666799243158,0.23014865090092473,0.13058454198363073,0.2933545485910391,0.5718343312550969,0.018673549544416086,0.7288776252110701,0.9280201353445975,0.18309032314956528,1.1828830054911068,0.9925807020740466,0.0022804820966578427,1.2651738893853262,0.9552771318994522,0.10401860518894857,1.2176256115806776,0.8923313162974588,0.29480065474842504,1.1373929391346997,0.035390566318236207,0.09137210561304998,0.045109904255474835,0.02209403857158338,0.07032193895695711,0.028161741058868876,0.0,0.0,0.0,0.05698699471456998,0.16797532058714085,0.07263737608111885,0.5528774842636608,0.28825116168390785,0.704714645023643,,,,,,,,,,,,,,,,,,,,,,,,,,,,,,,124.78996461187215,1.2746307547000286,0.0,0.6215730664568679,0.7211768017877584,0.48764951274312285,,,,,,,,,,,,,,,,,,
1/1/80,12/31/20,29.50861709,-81.80572505,RODMAN DAM AND SPILLWAY,2243960,data/1980_2020_npd/raw/npd_02243960_1980-01-01_2020-12-31.json,../data/npd/raw/npd_02243960_1980-01-01_2020-12-31.csv,1037.9529680365297,/Users/galljf/OneDrive - Idaho National Laboratory/code/hat/data/npd/synthetic_profiles/npd_2243960_2010_synthetic.csv,27.65894261,2710.14219,0.38298838041281136,38.0,,,,,,,0.46974113187690364,1.0474899886997302,1.3241866631310624,0.9287229695564573,0.26664181493625416,2.6180431871408025,0.7136899578788327,0.7053550399051062,2.0118713472197576,0.7373752067603413,0.5508576376849859,2.0786393787023667,0.4065166927443731,0.7011735778931818,1.1459587980328496,0.4704916555219347,0.562981024218146,1.3263023675769214,0.7911648349952874,0.7337122377419508,2.23027078478958,0.5519756526412792,0.8526354657000544,1.556003398467955,0.4563576893032652,0.8703111835888412,1.2864591256425284,0.19682931895651443,0.5722796112128433,0.5548561566962954,0.6108161355272554,0.6721988150273851,1.7218730177164976,0.298156137568604,0.7081074150176458,0.8404935274062342,,,,,,,,,,,,,,,,,,,,,,,,,1037.9529680365297,2.8189710742172513,0.0,1.5487021558278016,1.5773282003302205,0.5493856144862476,,,,,,,,,,,,,,,,,,,,,,,,
1/1/80,12/31/20,33.5157,-111.6916,GRANITE REEF DIVERSION,9512165,data/1980_2020_npd/raw/npd_09512165_1980-01-01_2020-12-31.json,../data/npd/raw/npd_09512165_1980-01-01_2020-12-31.csv,8.877761415525114,/Users/galljf/OneDrive - Idaho National Laboratory/code/hat/data/npd/synthetic_profiles/npd_9512165_2011_synthetic.csv,4.6210988219999996,954.3967144999999,0.00930196141776965,23.0,,,,,,,0.0,0.0,0.0,0.0,0.0,0.0,0.0,0.0,0.0,0.0,0.0,0.0,0.0,0.0,0.0,0.0,0.0,0.0,0.0,0.0,0.0,0.0,0.0,0.0,0.0,0.0,0.0,0.0,0.0,0.0,0.0,0.0,0.0,0.0,0.0,0.0,,,,,,,,,,,,,,,,,,,,,,,,,,,,,,,,,,,,,,,,,,,8.877761415525114,0.0,0.0,0.0,0.0,0.0,,,,,,
1/1/80,12/31/20,41.2911004,-84.28098805,INDEPENDENCE DAM,4192500,data/1980_2020_npd/raw/npd_04192500_1980-01-01_2020-12-31.json,../data/npd/raw/npd_04192500_1980-01-01_2020-12-31.csv,5327.138356164383,/Users/galljf/OneDrive - Idaho National Laboratory/code/hat/data/npd/synthetic_profiles/npd_4192500_2014_synthetic.csv,4.995513743,5599.818924,0.9513054669201985,8.0,,,,,,,0.0,0.0,0.0,0.0,0.0,0.0,0.0,0.0,0.0,0.0,0.0,0.0,0.0,0.0,0.0,0.0,0.0,0.0,0.0,0.0,0.0,0.0,0.0,0.0,0.0,0.0,0.0,0.0,0.0,0.0,0.0,0.0,0.0,0.0,0.0,0.0,,,,,,,,,,,,,,,,,,,,,,,,,,,,,,,5327.138356164383,0.0,0.0,0.0,0.0,0.0,,,,,,,,,,,,,,,,,,
1/1/80,12/31/20,48.8521,-113.4159,SAINT MARYS DIVERSION DAM,5018000,data/1980_2020_npd/raw/npd_05018000_1980-01-01_2020-12-31.json,../data/npd/raw/npd_05018000_1980-01-01_2020-12-31.csv,228.0545057077626,/Users/galljf/OneDrive - Idaho National Laboratory/code/hat/data/npd/synthetic_profiles/npd_5018000_2018_synthetic.csv,3.053605495,1021.26181,0.22330660314005338,16.0,,,,,,,0.0,0.0,0.0,0.0,0.0,0.0,0.0,0.0,0.0,0.0,0.0,0.0,0.44363961046431755,0.2604706822775666,0.25656386135318887,0.9943137995944955,0.0017474475626357232,0.5750275264053387,0.9953408187563874,0.0017982608734959404,0.5756214679643058,0.9973979116465098,0.0013692758369387864,0.5768111175866639,0.7618500575438579,0.2052408506366655,0.4405900373301375,0.0,0.0,0.0,0.0,0.0,0.0,0.0,0.0,0.0,,,,,,,228.0545057077626,0.5783159467764085,0.0,0.20314360757833752,0.0,0.351267518578176,,,,,,,,,,,,,,,,,,,,,,,,,,,,,,,,,,,,,,,,,,
1/1/80,12/31/20,42.08194533,-72.05919147,WESTVILLE DAM,1123600,data/1980_2020_npd/raw/npd_01123600_1980-01-01_2020-12-31.json,../data/npd/raw/npd_01123600_1980-01-01_2020-12-31.csv,172.7201484018265,/Users/galljf/OneDrive - Idaho National Laboratory/code/hat/data/npd/synthetic_profiles/npd_1123600_2013_synthetic.csv,1.637485602,178.2617654,0.96891303647903,67.0,,,,,,,0.2792446877282949,0.05574979827325348,0.036507436922785214,0.4327021041741746,0.05746959554598264,0.05656990255752133,0.9860064928228036,0.0048128476334258485,0.1289069100473268,0.2709689236486001,0.05702147432848389,0.035425493564846464,0.2449588801117425,0.0556909205903322,0.03202503487929164,0.8330889857752901,0.03990448964689718,0.10891503020766966,0.011980627198368695,0.010287230512256296,0.0015663037148460376,0.0,0.0,0.0,0.0,0.0,0.0,0.0,0.0,0.0,0.09754417617862836,0.03840253769615492,0.012752571545752238,0.09314847285719319,0.03678598269030359,0.012177893248220167,,,,,,,,,,,,,,,,,,,,,,,,,,,,,,,,,,,,,172.7201484018265,0.13073637038462466,0.0,0.03518750979272662,0.0,0.26914859032115873,,,,,,,,,,,,
1/1/80,12/31/20,43.22564573,-108.95471859999999,WIND RIVER DIVERSION DIKE,6227600,data/1980_2020_npd/raw/npd_06227600_1980-01-01_2020-12-31.json,../data/npd/raw/npd_06227600_1980-01-01_2020-12-31.csv,779.0603082191781,/Users/galljf/OneDrive - Idaho National Laboratory/code/hat/data/npd/synthetic_profiles/npd_6227600_2010_synthetic.csv,1.055609952,282.4344224,2.7583759146603866,20.0,,,,,,,0.0,0.0,0.0,0.0,0.0,0.0,0.0,0.0,0.0,0.0,0.0,0.0,0.0,0.0,0.0,0.0,0.0,0.0,0.0,0.0,0.0,0.0,0.0,0.0,0.0,0.0,0.0,0.0,0.0,0.0,0.0,0.0,0.0,0.0,0.0,0.0,,,,,,,,,,,,,,,,,,,,,,,,,779.0603082191781,0.0,0.0,0.0,0.0,0.0,,,,,,,,,,,,,,,,,,,,,,,,
1/1/80,12/31/20,41.225438399999994,-73.85441740000002,NEW CROTON RESERVOIR DAM,1375000,data/1980_2020_npd/raw/npd_01375000_1980-01-01_2020-12-31.json,../data/npd/raw/npd_01375000_1980-01-01_2020-12-31.csv,513.6017009132421,/Users/galljf/OneDrive - Idaho National Laboratory/code/hat/data/npd/synthetic_profiles/npd_1375000_2014_synthetic.csv,2.76819512,495.72782589999997,1.0360558235374258,37.0,,,,,,,0.0,0.0,0.0,0.0,0.0,0.0,0.0,0.0,0.0,0.0,0.0,0.0,0.0,0.0,0.0,0.0,0.0,0.0,0.0,0.0,0.0,0.0,0.0,0.0,0.0,0.0,0.0,0.0,0.0,0.0,0.0,0.0,0.0,0.0,0.0,0.0,,,,,,,,,,,,,,,,,,,,,,,,,,,,,,,513.6017009132421,0.0,0.0,0.0,0.0,0.0,,,,,,,,,,,,,,,,,,
1/1/80,12/31/20,41.0825814,-85.11589578,HOSEY (MAUMEE RIVER) DAM (IN-CHANNEL),4182900,data/1980_2020_npd/raw/npd_04182900_1980-01-01_2020-12-31.json,../data/npd/raw/npd_04182900_1980-01-01_2020-12-31.csv,1990.197694063927,/Users/galljf/OneDrive - Idaho National Laboratory/code/hat/data/npd/synthetic_profiles/npd_4182900_2015_synthetic.csv,1.2107067870000001,1601.45526,1.242743237212838,7.0,,,,,,,0.0,0.0,0.0,0.0,0.0,0.0,0.0,0.0,0.0,0.0,0.0,0.0,0.0,0.0,0.0,0.0,0.0,0.0,0.0,0.0,0.0,0.0,0.0,0.0,0.0,0.0,0.0,0.0,0.0,0.0,0.0,0.0,0.0,0.0,0.0,0.0,,,,,,,,,,,,,1990.197694063927,0.0,0.0,0.0,0.0,0.0,,,,,,,,,,,,,,,,,,,,,,,,,,,,,,,,,,,,
1/1/80,12/31/20,32.52065708,-87.87883184,DEMOPOLIS LOCK AND DAM,2467000,data/1980_2020_npd/raw/npd_02467000_1980-01-01_2020-12-31.json,../data/npd/raw/npd_02467000_1980-01-01_2020-12-31.csv,36947.59132420091,/Users/galljf/OneDrive - Idaho National Laboratory/code/hat/data/npd/synthetic_profiles/npd_2467000_2019_synthetic.csv,237.55958019999997,22113.2542,1.6708346492123676,40.0,,,,,,,0.32789032015578623,564.4769738074526,837.5055368601129,0.2534711918909098,885.4812531464653,647.4223653272522,0.2585337381348577,783.9556311173586,660.3532457140299,0.23797315687196477,476.13469112257553,607.8369023204408,0.060487866772350934,305.1303214187874,154.4996000816122,0.0,0.0,0.0,0.0,0.0,0.0,0.0,0.0,0.0,0.0,0.0,0.0,0.016465369697351944,139.502976662019,42.05625308313216,0.05085450539062316,306.5371437425363,129.89383101853596,0.14628503064623108,389.2523835572198,373.64483058774374,36947.59132420091,2554.2246457968013,0.0,285.94408680947373,0.0,0.11194946665322474,,,,,,,,,,,,,,,,,,,,,,,,,,,,,,,,,,,,,,,,,,,,,,,,
1/1/80,12/31/20,37.89473687,-84.26135825,KY RIVER LOCK & DAM NO 10,3284000,data/1980_2020_npd/raw/npd_03284000_1980-01-01_2020-12-31.json,../data/npd/raw/npd_03284000_1980-01-01_2020-12-31.csv,2535.384615,,,,,,,,,,,,,,,,,,,,,,,,,,,,,,,,,,,,,,,,,,,,,,,,,,,,,,,,,,,,,,,,,,,,,,,,,,,,,,,,,,,,,,,,,,,,,,,,,,,,,
1/1/80,12/31/20,37.92672034,-84.82159285,KENTUCKY RIVER LOCK & DAM 6,3287000,data/1980_2020_npd/raw/npd_03287000_1980-01-01_2020-12-31.json,../data/npd/raw/npd_03287000_1980-01-01_2020-12-31.csv,8786.270662100456,/Users/galljf/OneDrive - Idaho National Laboratory/code/hat/data/npd/synthetic_profiles/npd_3287000_2013_synthetic.csv,18.59962456,6231.522146,1.4099718265047558,20.0,,,,,,,0.17095836146887544,28.32252513018728,20.16064135407217,0.10734020142450715,24.167689315408825,12.658329696189444,0.2579031462810341,23.845117068044427,30.41379662032709,0.16088721003231962,28.70408502909986,18.97297863672731,0.13693726757427138,23.331892386186265,16.148628916720877,0.008461999064230728,3.8353273147338163,0.997899879284402,0.1182301954038995,26.049825044329236,13.942556224100487,0.03715492082650253,10.595601837812533,4.381575881320312,0.0,0.0,0.0,0.0,0.0,0.0,0.004845772332857074,2.950235647838628,0.5714483763580245,0.2664509655155202,30.682403106472155,31.4218170322289,,,,,,,,,,,,,,,,,,,,,,,,,,,,,,,,,,,,,8786.270662100456,117.92720274604764,0.0,12.551349411387017,0.0,0.1064330291834017,,,,,,,,,,,,
1/1/80,12/31/20,37.67724554,-83.94808865,KENTUCKY RIVER LOCK & DAM 12,3282120,data/1980_2020_npd/raw/npd_03282120_1980-01-01_2020-12-31.json,../data/npd/raw/npd_03282120_1980-01-01_2020-12-31.csv,4967.043607305936,/Users/galljf/OneDrive - Idaho National Laboratory/code/hat/data/npd/synthetic_profiles/npd_3282120_2014_synthetic.csv,12.22504516,3561.579121,1.394618352858975,23.0,,,,,,,0.07396283928573366,3.769444796683877,2.140254942988847,0.23683292496344896,8.703909226829907,6.853209574031302,0.15170403271759614,6.224729778176402,4.389843724641922,0.12416095311753321,6.637512604385885,3.5928325115996937,0.045045157617422095,4.136099759503442,1.303467013697986,0.0,0.0,0.0,0.0018413825450936823,0.2459683942787537,0.05328389407612025,0.051105749233620455,3.010967188186208,1.478841719283515,0.0026743159298418468,0.3692877910456352,0.07738640029550417,0.07527225175827573,3.7911044068150397,2.178145274726152,0.05783334135712962,2.872948194154764,1.6735173487726418,0.03891871027900295,2.2150935655460904,1.1261866479678733,,,,,,,,,,,,,,,,,,,,,,,,,,,,,,,4967.043607305936,28.936895387704116,0.0,2.041021029128127,0.0,0.07053351791137205,,,,,,,,,,,,,,,,,,
1/1/80,12/31/20,42.87811653,-74.04201653,LOCK E-9 DAM AT ROTTERDAM JCT,1354500,data/1980_2020_npd/raw/npd_01354500_1980-01-01_2020-12-31.json,../data/npd/raw/npd_01354500_1980-01-01_2020-12-31.csv,6691.9452625570775,/Users/galljf/OneDrive - Idaho National Laboratory/code/hat/data/npd/synthetic_profiles/npd_1354500_2014_synthetic.csv,11.28043548,6691.57502,1.000055329657961,11.0,,,,,,,0.08195714656383914,4.021320181425489,2.4494357004945444,0.025427544809034038,1.9804856000184574,0.7599475902038428,0.06272104236942004,5.618992861572323,1.8745303709691745,0.3086865207633144,6.457298971604855,9.225647987026433,0.14589622578161549,5.150027712887275,4.360369278090219,0.08008117877801943,5.119800078371271,2.3933690527375333,0.01807259942493895,1.5613357063529485,0.5401319114703571,0.021138791045404896,2.2899469403881527,0.6317705242651104,0.00023075798339751059,0.16589533143561835,0.006896614467509748,0.014979325451255838,1.6010733474505736,0.44768389418063553,0.015186082740761902,1.3449254557166619,0.4538632050459687,0.12873911776093536,4.361260373913696,3.8475984623034543,,,,,,,,,,,,,,,,,,,,,,,,,,,,,,,6691.9452625570775,29.88678599963943,0.0,2.2530656512301626,0.0,0.07538668263818481,,,,,,,,,,,,,,,,,,
1/1/80,12/31/20,41.04614954,-81.00249105,BERLIN DAM,3090500,data/1980_2020_npd/raw/npd_03090500_1980-01-01_2020-12-31.json,../data/npd/raw/npd_03090500_1980-01-01_2020-12-31.csv,342.3732203196347,/Users/galljf/OneDrive - Idaho National Laboratory/code/hat/data/npd/synthetic_profiles/npd_3090500_2014_synthetic.csv,3.518909065,250.84194,1.3648962383229644,94.0,,,,,,,0.48947203251063875,1.2719081799488727,1.4790757559771155,0.18448541614883263,1.1613969343683657,0.5574739479137789,0.08667396307955814,0.8338973787592149,0.2619094635660183,0.4939916421754226,1.3297048209499294,1.4927330124446059,0.7191368671162708,1.1724476107803083,2.173071870777201,0.37228504869288503,1.4115349701278896,1.124962721588057,0.39880916828098967,1.4425921839186966,1.205112719188892,0.7006823911790174,1.2243564377397713,2.1173065437818095,0.0,0.0,0.0,0.0,0.0,0.0,0.011907711337102715,0.06981586317847861,0.0359824586045162,0.16966430023876988,1.0074429886069443,0.5126878278434275,,,,,,,,,,,,,,,,,,,,,,,,,,,,,,,342.3732203196347,3.021777870311656,0.0,0.9190238518790947,0.0,0.3041334907202527,,,,,,,,,,,,,,,,,,
1/1/80,12/31/20,39.73262061,-81.90871632,MUSKINGUM RIVER LOCK AND DAM NO. 8,3150000,data/1980_2020_npd/raw/npd_03150000_1980-01-01_2020-12-31.json,../data/npd/raw/npd_03150000_1980-01-01_2020-12-31.csv,8488.022831050228,/Users/galljf/OneDrive - Idaho National Laboratory/code/hat/data/npd/synthetic_profiles/npd_3150000_2013_synthetic.csv,12.73354796,6734.30488,1.2604155859142256,12.0,,,,,,,0.19649022194356716,24.55587605488061,20.486802955134998,0.19908819586608065,17.583772741075574,20.757677400217556,0.2855386112764089,17.74786651355164,29.77131995394028,0.2599970793368145,24.258134745059234,27.108264628118313,0.05582715828950877,11.455045596030873,5.82074761842744,0.10319897304065918,19.106245559197575,10.759909602338817,0.5137592090877572,26.378399281824755,53.56645017170264,0.00382266426800445,1.1836916870413978,0.39856522552422324,0.0,0.0,0.0,0.008441876242742489,3.2685176857357607,0.8801814840759449,0.053420882800401276,9.051816224128093,5.569860366565744,0.337578593192391,37.02942698933428,35.19720244700252,,,,,,,,,,,,,,,,,,,,,,,,,,,,,,,,,,,,,8488.022831050228,104.263727489803,0.0,17.57291882368994,3.8132714455119445,0.16854297507643365,,,,,,,,,,,,
1/1/80,12/31/20,31.55104682,-97.09760883,LAKE BRAZOS DAM,8096500,data/1980_2020_npd/raw/npd_08096500_1980-01-01_2020-12-31.json,../data/npd/raw/npd_08096500_1980-01-01_2020-12-31.csv,2965.2106164383563,/Users/galljf/OneDrive - Idaho National Laboratory/code/hat/data/npd/synthetic_profiles/npd_8096500_2010_synthetic.csv,19.05855722,2669.64524,1.1107133532238,24.0,,,,,,,0.0,0.0,0.0,0.0,0.0,0.0,0.0,0.0,0.0,0.0,0.0,0.0,0.0,0.0,0.0,0.0,0.0,0.0,0.0,0.0,0.0,0.0,0.0,0.0,0.0,0.0,0.0,0.0,0.0,0.0,0.0,0.0,0.0,0.0,0.0,0.0,,,,,,,,,,,,,,,,,,,,,,,,,2965.2106164383563,0.0,0.0,0.0,0.0,0.0,,,,,,,,,,,,,,,,,,,,,,,,
1/1/80,12/31/20,41.65791354,-91.5409205,BURLINGTON STREET DAM,5454500,data/1980_2020_npd/raw/npd_05454500_1980-01-01_2020-12-31.json,../data/npd/raw/npd_05454500_1980-01-01_2020-12-31.csv,3061.9252283105025,/Users/galljf/OneDrive - Idaho National Laboratory/code/hat/data/npd/synthetic_profiles/npd_5454500_2013_synthetic.csv,1.868686642,1605.71456,1.9068926100480166,9.0,,,,,,,0.0,0.0,0.0,0.0,0.0,0.0,0.1744019774980187,4.986768466781327,4.459684139094717,0.15556740001670175,4.745901006894026,3.9780596319360524,0.22874212955250417,3.588348189426872,5.849232111600575,0.6915200608175737,6.2971130816494965,17.683062378859688,0.1168525125951424,4.263755990963623,2.988069886075933,0.0,0.0,0.0,0.0,0.0,0.0,0.0,0.0,0.0,0.0,0.0,0.0,0.0,0.0,0.0,,,,,,,,,,,,,,,,,,,,,,,,,,,,,,,,,,,,,3061.9252283105025,25.571293416930327,0.0,2.9096992618185755,0.0,0.11378772338094216,,,,,,,,,,,,
1/1/80,12/31/20,42.49733447,-92.3384531,WATERLOO MILLDAM,5464000,data/1980_2020_npd/raw/npd_05464000_1980-01-01_2020-12-31.json,../data/npd/raw/npd_05464000_1980-01-01_2020-12-31.csv,5598.303310502283,/Users/galljf/OneDrive - Idaho National Laboratory/code/hat/data/npd/synthetic_profiles/npd_5464000_2013_synthetic.csv,1.491532227,2380.18009,2.352050306622926,4.0,,,,,,,0.0,0.0,0.0,0.0,0.0,0.0,0.0,0.0,0.0,0.0,0.0,0.0,0.0,0.0,0.0,0.0,0.0,0.0,0.0,0.0,0.0,0.0,0.0,0.0,0.0,0.0,0.0,0.0,0.0,0.0,0.0,0.0,0.0,0.0,0.0,0.0,,,,,,,,,,,,,,,,,,,,,,,,,,,,,,,,,,,,,5598.303310502283,0.0,0.0,0.0,0.0,0.0,,,,,,,,,,,,
1/1/80,12/31/20,41.9839364,-77.15159512,COWANESQUE DAM,1520000,data/1980_2020_npd/raw/npd_01520000_1980-01-01_2020-12-31.json,../data/npd/raw/npd_01520000_1980-01-01_2020-12-31.csv,279.8028892694064,/Users/galljf/OneDrive - Idaho National Laboratory/code/hat/data/npd/synthetic_profiles/npd_1520000_2010_synthetic.csv,1.781581045,327.70144,0.853834787144684,36.0,,,,,,,0.0,0.0,0.0,0.0,0.0,0.0,0.0,0.0,0.0,0.0,0.0,0.0,0.0,0.0,0.0,0.0,0.0,0.0,0.0,0.0,0.0,0.0,0.0,0.0,0.0,0.0,0.0,0.0,0.0,0.0,0.0,0.0,0.0,0.0,0.0,0.0,,,,,,,,,,,,,,,,,,,,,,,,,279.8028892694064,0.0,0.0,0.0,0.0,0.0,,,,,,,,,,,,,,,,,,,,,,,,
1/1/80,12/31/20,39.00326341,-80.47429765,"STONEWALL JACKSON DAM,WV",3058000,data/1980_2020_npd/raw/npd_03058000_1980-01-01_2020-12-31.json,../data/npd/raw/npd_03058000_1980-01-01_2020-12-31.csv,157.11802481785062,/Users/galljf/OneDrive - Idaho National Laboratory/code/hat/data/npd/synthetic_profiles/npd_3058000_2012_synthetic.csv,2.715215128,199.9322313,0.7858564064245034,91.0,,,,,,,0.0,0.0,0.0,0.0,0.0,0.0,0.0,0.0,0.0,0.0,0.0,0.0,0.0,0.0,0.0,0.0,0.0,0.0,0.0,0.0,0.0,0.0,0.0,0.0,0.0,0.0,0.0,0.0,0.0,0.0,0.0,0.0,0.0,0.0,0.0,0.0,,,,,,,,,,,,,,,,,,,157.11802481785062,0.0,0.0,0.0,0.0,0.0,,,,,,,,,,,,,,,,,,,,,,,,,,,,,,
1/1/80,12/31/20,43.78679293,-122.9547658,DORENA,14155500,data/1980_2020_npd/raw/npd_14155500_1980-01-01_2020-12-31.json,../data/npd/raw/npd_14155500_1980-01-01_2020-12-31.csv,733.3424657534247,/Users/galljf/OneDrive - Idaho National Laboratory/code/hat/data/npd/synthetic_profiles/npd_14155500_2011_synthetic.csv,9.715279144,809.7544653,0.9056355934779983,74.0,,,,,,,0.859192211287622,0.7061555055048363,3.3054539048406495,0.24248451615388655,1.2183695635804703,0.9328778592895597,0.7257268628702118,1.3220647527396934,2.7919907340955383,0.8877389381868366,0.7416139796127119,3.415277863507612,0.6780935630220428,1.093298709118905,2.608737586644847,0.30187264993744095,1.504642787768986,1.1613537883507163,0.03982646663496703,0.5876987611736996,0.15321897466606393,0.0,0.0,0.0,0.1479844869558971,0.46740062363256124,0.5693206873129593,0.18619026599323832,0.4075647834711436,0.7163046099409344,0.16940993774925361,1.3600950192976355,0.6517479242658366,0.0,0.0,0.0,,,,,,,,,,,,,,,,,,,,,,,,,,,,,,,,,,,,,,,,,,,733.3424657534247,3.847164652350556,0.0,1.361365665970001,0.5882201365185927,0.3538620747979238,,,,,,
1/1/80,12/31/20,43.18833,-73.58334,THOMPSON ISLAND DAM,1328770,data/1980_2020_npd/raw/npd_01328770_1980-01-01_2020-12-31.json,../data/npd/raw/npd_01328770_1980-01-01_2020-12-31.csv,5673.187214611872,/Users/galljf/OneDrive - Idaho National Laboratory/code/hat/data/npd/synthetic_profiles/npd_1328770_2018_synthetic.csv,9.550007097,6042.753844,0.9388413562874021,10.0,,,,,,,0.18855080904468954,7.898671530445262,9.52453800977979,0.21077261116037038,4.517510526628481,10.647059838081475,0.259381428894112,4.53105345892476,13.102506910736286,0.3588240285981843,10.461184221511138,18.12579387233328,0.2459307692176313,11.8540579868563,12.423054406690614,0.0025238294628745802,0.5176297533552152,0.12748982500336864,0.0016844272975892133,0.3757800307085634,0.08508789700709571,0.004444761568817303,1.1015925273816614,0.22452462930867056,0.0028780246870889438,0.6698513843236434,0.1453817974271655,0.0409510308311332,2.864262315291289,2.0686182767762435,0.3138903121354671,6.0424900429191055,15.855992472179214,0.3733343639188356,7.890760731806514,18.85877529519971,,,,,,,5673.187214611872,50.51443723862421,0.0,8.41276077442472,5.831004468456266,0.1665417103368654,,,,,,,,,,,,,,,,,,,,,,,,,,,,,,,,,,,,,,,,,,
1/1/80,12/31/20,32.97269942,-97.05703303,GRAPEVINE LAKE,8055000,data/1980_2020_npd/raw/npd_08055000_1980-01-01_2020-12-31.json,../data/npd/raw/npd_08055000_1980-01-01_2020-12-31.csv,248.6180646630237,/Users/galljf/OneDrive - Idaho National Laboratory/code/hat/data/npd/synthetic_profiles/npd_8055000_2012_synthetic.csv,4.042301446000001,144.67217,1.7184926766704591,95.0,,,,,,,0.0,0.0,0.0,0.0,0.0,0.0,0.0,0.0,0.0,0.0,0.0,0.0,0.0,0.0,0.0,0.0,0.0,0.0,0.0,0.0,0.0,0.0,0.0,0.0,0.0,0.0,0.0,0.0,0.0,0.0,0.0,0.0,0.0,0.0,0.0,0.0,,,,,,,,,,,,,,,,,,,248.6180646630237,0.0,0.0,0.0,0.0,0.0,,,,,,,,,,,,,,,,,,,,,,,,,,,,,,
1/1/80,12/31/20,34.95197915,-93.16036063,NIMROD,7263012,data/1980_2020_npd/raw/npd_07263012_1980-01-01_2020-12-31.json,../data/npd/raw/npd_07263012_1980-01-01_2020-12-31.csv,1527.7471506849315,/Users/galljf/OneDrive - Idaho National Laboratory/code/hat/data/npd/synthetic_profiles/npd_7263012_2011_synthetic.csv,10.65270355,761.78169,2.0054920861709493,70.0,,,,,,,0.0,0.0,0.0,0.007662884775209068,0.029185380040313316,0.002652137863291369,0.0,0.0,0.0,0.334311084682235,0.1461574474343852,0.11570565287269015,0.6073423361484528,0.12185504197345919,0.21020224796936213,0.3989617819356392,0.13847012774941336,0.13808137260537567,0.0,0.0,0.0,0.011393719236031916,0.03568688851617244,0.003943386214986773,0.0,0.0,0.0,0.0,0.0,0.0,0.23425864118090722,0.12580958290937397,0.08107732666019635,0.7156236769002932,0.07576769992651958,0.24767860995577545,,,,,,,,,,,,,,,,,,,,,,,,,,,,,,,,,,,,,,,,,,,1527.7471506849315,0.3461017542468542,0.0,0.06694997806209281,0.0,0.19344015810547238,,,,,,
1/1/80,12/31/20,29.08005449,-81.88188185,MOSS BLUFF LOCK AND SPILLWAY,2238500,data/1980_2020_npd/raw/npd_02238500_1980-01-01_2020-12-31.json,../data/npd/raw/npd_02238500_1980-01-01_2020-12-31.csv,79.22750455373406,/Users/galljf/OneDrive - Idaho National Laboratory/code/hat/data/npd/synthetic_profiles/npd_2238500_2016_synthetic.csv,7.572617043999999,915.45158,0.08654472424826014,30.0,79.22750455373406,0.0,0.0,0.0,0.0,0.0,0.0,0.0,0.0,0.0,0.0,0.0,0.0,0.0,0.0,0.0,0.0,0.0,0.0,0.0,0.0,0.0,0.0,0.0,0.0,0.0,0.0,0.0,0.0,0.0,0.0,0.0,0.0,0.0,0.0,0.0,0.0,0.0,0.0,0.0,0.0,0.0,,,,,,,,,,,,,,,,,,,,,,,,,,,,,,,,,,,,,,,,,,,,,,,,,,,,,,
1/1/80,12/31/20,40.50333787,-80.08930625,EMSWORTH LOCKS AND DAMS,3086000,data/1980_2020_npd/raw/npd_03086000_1980-01-01_2020-12-31.json,../data/npd/raw/npd_03086000_1980-01-01_2020-12-31.csv,35213.568493150684,/Users/galljf/OneDrive - Idaho National Laboratory/code/hat/data/npd/synthetic_profiles/npd_3086000_2013_synthetic.csv,84.41465297,31424.277039999997,1.120584841087268,18.0,,,,,,,0.22122234954021563,469.5721377048338,452.0162924827428,0.27637322169441875,487.6107378403535,564.7042411016089,0.17114991825311388,263.6112692501837,349.70495371867224,0.2281976063212992,348.63776248124697,466.26860340816927,0.026698744271584737,123.76330197052053,54.55265900877132,0.09529310221298314,304.79804869650104,194.7092364357216,0.11971983470611777,323.8935042314552,244.61956910311463,0.06228641210203451,265.4194570326185,127.267760824933,0.006069412140024453,64.7005254326238,12.401428602424605,0.0,0.0,0.0,0.0483010735324273,169.56130749784452,98.69198219095472,0.3396824527922655,508.15712941961505,694.0618940704815,,,,,,,,,,,,,,,,,,,,,,,,,,,,,,,,,,,,,35213.568493150684,2043.2668463299708,0.0,270.0349952751598,62.891396438634935,0.13215845779526314,,,,,,,,,,,,
1/1/80,12/31/20,32.54783,-104.3781,BRANTLEY,8401500,data/1980_2020_npd/raw/npd_08401500_1980-01-01_2020-12-31.json,../data/npd/raw/npd_08401500_1980-01-01_2020-12-31.csv,114.97754452054794,/Users/galljf/OneDrive - Idaho National Laboratory/code/hat/data/npd/synthetic_profiles/npd_8401500_2018_synthetic.csv,10.62131837,653.53159,0.17593265005070058,64.0,,,,,,,0.0,0.0,0.0,0.011200993024505354,0.10500080419437127,0.0114438862009844,0.3959591307535091,0.47799165427477486,0.40454549187472316,0.8336067603975699,0.2836845001211339,0.8516834964087787,0.47706912351044806,0.49347559506259386,0.4874143522375809,0.9292020965957619,0.17881607514595463,0.9493518144234009,0.7180204165177639,0.4148725988697851,0.7335906663485828,0.7352987212638586,0.39142965744525343,0.7512436505820025,0.40900450532270677,0.4573924154911083,0.41787375497536977,0.195019190708033,0.3805477200880176,0.19924817563837036,0.0,0.0,0.0,0.0,0.0,0.0,,,,,,,114.97754452054794,1.02168496810485,0.0,0.4020411321232139,0.0,0.39350792531377893,,,,,,,,,,,,,,,,,,,,,,,,,,,,,,,,,,,,,,,,,,
1/1/80,12/31/20,32.49074942,-104.2521162,AVALON,8403500,data/1980_2020_npd/raw/npd_08403500_1980-01-01_2020-12-31.json,../data/npd/raw/npd_08403500_1980-01-01_2020-12-31.csv,91.96359931506849,/Users/galljf/OneDrive - Idaho National Laboratory/code/hat/data/npd/synthetic_profiles/npd_8403500_2010_synthetic.csv,1.848078008,214.54885499999997,0.42863710139617617,34.0,,,,,,,0.0,0.0,0.0,0.0,0.0,0.0,0.0,0.0,0.0,0.7256993815737048,0.1841718510683416,0.3630648474412123,0.7146149823011099,0.19206882011563778,0.357519361482336,0.849003583703666,0.10149827970318666,0.42475350595721517,0.18960510271177083,0.18687072475023594,0.09485876581683834,0.8502677536137485,0.14069048146181287,0.4253859657156189,0.3129200591752959,0.21236482900707643,0.15655280468808727,0.8855134325872969,0.12482237899637176,0.4430192549045165,0.0,0.0,0.0,0.0,0.0,0.0,,,,,,,,,,,,,,,,,,,,,,,,,91.96359931506849,0.5002964817937329,0.0,0.18979566720025767,0.0,0.3793663839485253,,,,,,,,,,,,,,,,,,,,,,,,
1/1/80,12/31/20,34.83539581,-78.82302352,WILLIAM O. HUSKE LOCK & DAM,2105500,data/1980_2020_npd/raw/npd_02105500_1980-01-01_2020-12-31.json,../data/npd/raw/npd_02105500_1980-01-01_2020-12-31.csv,3610.9898401826485,/Users/galljf/OneDrive - Idaho National Laboratory/code/hat/data/npd/synthetic_profiles/npd_2105500_2013_synthetic.csv,12.44594227,5149.02942,0.7012952433630975,9.0,,,,,,,0.16769317307837792,4.194422368447354,2.4627574206589413,0.16626275787766792,3.07086929921035,2.4417502109705334,0.20619058033288742,3.6878015120013763,3.028133897540678,0.2203816029102786,1.4193644375045036,3.236544565176348,0.22695106040182536,4.051714764274077,3.333024224365862,0.49642370106940026,5.685915251349383,7.290524301953694,0.5610215794470962,4.78277339945265,8.239214707252053,0.1679700667301985,3.2437515760933073,2.4668239063914035,0.0015309342212278005,0.09743420155329086,0.02248344130328596,2.8568686649630823e-05,0.0021180575179037264,0.00041956236949475516,0.0014413561517790466,0.07310736298588964,0.021167889505836746,0.15347972485933134,3.4770935256663638,2.2540174079796653,,,,,,,,,,,,,,,,,,,,,,,,,,,,,,,,,,,,,3610.9898401826485,14.686092316399044,0.0,2.9063198267634274,0.27984133368053005,0.19789606139940447,,,,,,,,,,,,
1/1/80,12/31/20,40.067,-123.8,Benbow,11476500,data/1980_2020_npd/raw/npd_11476500_1980-01-01_2020-12-31.json,../data/npd/raw/npd_11476500_1980-01-01_2020-12-31.csv,1322.1181735159817,/Users/galljf/OneDrive - Idaho National Laboratory/code/hat/data/npd/synthetic_profiles/npd_11476500_2011_synthetic.csv,4.962875776000001,1021.8009789999999,1.2939096758449884,29.0,,,,,,,0.0,0.0,0.0,0.0,0.0,0.0,0.0,0.0,0.0,0.0,0.0,0.0,0.0,0.0,0.0,0.0,0.0,0.0,0.0,0.0,0.0,0.0,0.0,0.0,0.0,0.0,0.0,0.0,0.0,0.0,0.0,0.0,0.0,0.0,0.0,0.0,,,,,,,,,,,,,,,,,,,,,,,,,,,,,,,,,,,,,,,,,,,1322.1181735159817,0.0,0.0,0.0,0.0,0.0,,,,,,
1/1/80,12/31/20,41.1995482,-85.02077745,CEDARVILLE DAM,4180500,data/1980_2020_npd/raw/npd_04180500_1980-01-01_2020-12-31.json,../data/npd/raw/npd_04180500_1980-01-01_2020-12-31.csv,918.442203196347,/Users/galljf/OneDrive - Idaho National Laboratory/code/hat/data/npd/synthetic_profiles/npd_4180500_2010_synthetic.csv,1.251803026,610.0371299999999,1.5055513148787305,19.0,,,,,,,0.0,0.0,0.0,0.0,0.0,0.0,0.0,0.0,0.0,0.0,0.0,0.0,0.0,0.0,0.0,0.0,0.0,0.0,0.0,0.0,0.0,0.0,0.0,0.0,0.0,0.0,0.0,0.0,0.0,0.0,0.0,0.0,0.0,0.0,0.0,0.0,,,,,,,,,,,,,,,,,,,,,,,,,918.442203196347,0.0,0.0,0.0,0.0,0.0,,,,,,,,,,,,,,,,,,,,,,,,
1/1/80,12/31/20,44.12005533,-123.30216090000002,FERN RIDGE,14170000,data/1980_2020_npd/raw/npd_14170000_1980-01-01_2020-12-31.json,../data/npd/raw/npd_14170000_1980-01-01_2020-12-31.csv,614.4543835616439,/Users/galljf/OneDrive - Idaho National Laboratory/code/hat/data/npd/synthetic_profiles/npd_14170000_2011_synthetic.csv,5.056782002,779.7296124,0.7880352032166118,40.0,,,,,,,0.7394979189200247,0.28673375538023455,0.8932326313619845,0.30089684444851095,0.4812743420505113,0.3634504888502982,0.7445751853552026,0.27824721676784364,0.8993654140811612,0.48296140201643833,0.4659300705145651,0.5833645679482585,0.08945121422021073,0.2668913175570183,0.10804728642527053,0.0,0.0,0.0,0.0,0.0,0.0,0.0,0.0,0.0,0.0,0.0,0.0,0.7330733696108761,0.46177713882880234,0.8854724782393001,0.16313816455430852,0.3617830519805107,0.19705306569790196,0.0767256096382966,0.28846726021901437,0.09267614747335062,,,,,,,,,,,,,,,,,,,,,,,,,,,,,,,,,,,,,,,,,,,614.4543835616439,1.2078906627167747,0.0,0.3365253572115239,0.0,0.2786058106075716,,,,,,
1/1/80,12/31/20,44.1711628,-122.32761740000001,BLUE RIVER,14162200,data/1980_2020_npd/raw/npd_14162200_1980-01-01_2020-12-31.json,../data/npd/raw/npd_14162200_1980-01-01_2020-12-31.csv,441.36902283105024,/Users/galljf/OneDrive - Idaho National Laboratory/code/hat/data/npd/synthetic_profiles/npd_14162200_2011_synthetic.csv,4.981926823,267.19559350000003,1.6518574166944493,115.0,,,,,,,0.6658645552286372,1.223134743609458,1.9983029976536824,0.0,0.0,0.0,0.2351198200622492,0.9354737225364196,0.705609928548995,0.5611089852534861,1.3288943154061814,1.6839246937501413,0.603299035215006,1.2598472535885625,1.810539787836829,0.36596275669996203,1.2809654597816122,1.0982781227813398,0.0,0.0,0.0,0.0,0.0,0.0,0.8800699190107135,0.939912899971626,2.6411472776172595,0.898699664539486,0.26258592378265805,2.697056360092582,0.5390870074526475,1.290150717520462,1.6178353007825763,0.010231662407783781,0.27141607569411175,0.0307058868052142,,,,,,,,,,,,,,,,,,,,,,,,,,,,,,,,,,,,,,,,,,,441.36902283105024,3.001065279661158,0.0,1.1938197962657422,0.0,0.3977986764754858,,,,,,
1/1/80,12/31/20,45.13004,-112.7406,BARRETTS DIVERSION,6017000,data/1980_2020_npd/raw/npd_06017000_1980-01-01_2020-12-31.json,../data/npd/raw/npd_06017000_1980-01-01_2020-12-31.csv,247.18736301369862,/Users/galljf/OneDrive - Idaho National Laboratory/code/hat/data/npd/synthetic_profiles/npd_6017000_2019_synthetic.csv,1.240145393,663.61585,0.3724856225385494,10.0,,,,,,,0.9879934509951623,0.0,0.16244194746767085,0.9879934509951622,0.0,0.16244194746767085,0.9160318691702465,0.008566521163166271,0.15061031084829946,0.9691964013305083,0.005967843047196476,0.15935141144124546,0.6782408148674046,0.03148402903367654,0.1115136529580708,0.4517544292117134,0.01758849528136799,0.07427566365382325,0.29376864974084443,0.012385652522286626,0.04830027114125528,0.44049636044120727,0.013992213432792808,0.07242465683392588,0.3029635075249719,0.01813837600372443,0.049812053029725765,0.7138096288302871,0.026157711717157705,0.11736173565884792,0.8591700596864459,0.0013974273110966974,0.14126131864619482,0.8600066453498634,2.7774247380684275e-17,0.14139886672837304,247.18736301369862,0.16441601642607068,0.015124725717444295,0.11565748663823068,0.14139886672837307,0.7034441604430663,,,,,,,,,,,,,,,,,,,,,,,,,,,,,,,,,,,,,,,,,,,,,,,,
1/1/80,12/31/20,28.02462416,-82.42840625,CITY OF TAMPA WATERWORKS DAM,2304500,data/1980_2020_npd/raw/npd_02304500_1980-01-01_2020-12-31.json,../data/npd/raw/npd_02304500_1980-01-01_2020-12-31.csv,323.5958367486339,/Users/galljf/OneDrive - Idaho National Laboratory/code/hat/data/npd/synthetic_profiles/npd_2304500_2012_synthetic.csv,5.120129095,736.0736099999999,0.43962428804998716,25.0,,,,,,,0.0,0.0,0.0,0.0,0.0,0.0,0.0,0.0,0.0,0.0,0.0,0.0,0.0,0.0,0.0,0.15262953945502616,0.30157423256304394,0.13729417892656243,0.8584707768981555,0.18093334515913823,0.7722164455682573,0.8767350157989597,0.055380149798267865,0.7886455961282207,0.6050844497937631,0.3608826970124147,0.5442889562026375,0.5179195730612447,0.37271593697029654,0.46588191766372866,0.0,0.0,0.0,0.0024144069467006532,0.034164233482812376,0.0021718208711461774,,,,,,,,,,,,,,,,,,,323.5958367486339,0.8995256057037211,0.0,0.2277155279810053,0.0,0.2531506902495097,,,,,,,,,,,,,,,,,,,,,,,,,,,,,,
1/1/80,12/31/20,33.73190075,-114.5118585,PALO VERDE DIVERSION,9429000,data/1980_2020_npd/raw/npd_09429000_1980-01-01_2020-12-31.json,../data/npd/raw/npd_09429000_1980-01-01_2020-12-31.csv,1069.1234061930784,/Users/galljf/OneDrive - Idaho National Laboratory/code/hat/data/npd/synthetic_profiles/npd_9429000_2016_synthetic.csv,54.25971352,5603.136214,0.19080803417232048,46.0,1069.1234061930784,4.29404292921204,0.0,3.017579891158617,3.356312818664522,0.7027363118869298,0.27217993789580375,1.1818093819734494,1.168752337794848,0.5469036900840102,0.64064362965404,2.3484279233652168,0.7347418289495169,0.6165092373501101,3.1550129553969946,0.8048250225290938,0.7010916518589383,3.4559531972439763,0.924408555906097,0.38742439836156845,3.969450023191689,0.9548208770830374,0.28448518495125014,4.100041835902455,0.9522335100968917,0.23665095839084835,4.08893157099032,0.9531864133073308,0.25806482318813906,4.093023378283328,0.8471256254365572,0.5588710593053865,3.6375938020601755,0.6874521711150984,0.7179545040651448,2.951949134548253,0.47729965007365843,0.7133997115417945,2.0495451875141737,0.27641525642311915,0.9409098427567693,1.1869389773700276,,,,,,,,,,,,,,,,,,,,,,,,,,,,,,,,,,,,,,,,,,,,,,,,,,,,,,
1/1/80,12/31/20,39.47786641,-98.31482202,GLEN ELDER,6875900,data/1980_2020_npd/raw/npd_06875900_1980-01-01_2020-12-31.json,../data/npd/raw/npd_06875900_1980-01-01_2020-12-31.csv,214.4974715391621,/Users/galljf/OneDrive - Idaho National Laboratory/code/hat/data/npd/synthetic_profiles/npd_6875900_2016_synthetic.csv,1.89257388,88.06415,2.435695700681402,115.0,214.4974715391621,0.11366077397236703,0.0,0.029156804322968764,0.0,0.25652477371003396,0.3723127381365603,0.05477030221018763,0.04231735397637266,0.0,0.0,0.0,0.0,0.0,0.0,0.0,0.0,0.0,0.21483635976637547,0.04618608739046584,0.024418466928452127,0.5384055368445411,0.055086008676509986,0.06119559002875831,0.0,0.0,0.0,0.11433953089781564,0.03588294345529442,0.0129959195774831,0.9721282712390572,0.0019295288226240201,0.11049285170945038,0.12336741777336836,0.037353648996700684,0.014022036187093396,0.0,0.0,0.0,0.7419843706957019,0.049421948392247166,0.08433451784867316,,,,,,,,,,,,,,,,,,,,,,,,,,,,,,,,,,,,,,,,,,,,,,,,,,,,,,
1/1/80,12/31/20,40.6135564,-79.71762305,ALLEGHENY LOCK AND DAM 04,3049500,data/1980_2020_npd/raw/npd_03049500_1980-01-01_2020-12-31.json,../data/npd/raw/npd_03049500_1980-01-01_2020-12-31.csv,19779.212328767124,/Users/galljf/OneDrive - Idaho National Laboratory/code/hat/data/npd/synthetic_profiles/npd_3049500_2013_synthetic.csv,34.04946682,20741.377269999997,0.9536113282783524,11.0,,,,,,,0.1595601669042208,98.61225662691673,85.29505545335311,0.2060574387903309,101.81906481099726,110.15080398322313,0.11989137332233427,62.74739130518023,64.08956279198183,0.24537368327356368,100.8675287885283,131.1678367331821,0.011088861529111005,22.243296750642383,5.927701614951477,0.12523848089531342,73.56142511029381,66.9479318060107,0.10051109447796557,80.35183420682868,53.729571380565545,0.005580512658810134,18.776588709032875,2.9831388743599896,0.0,0.0,0.0,0.0,0.0,0.0,0.09002967430264053,42.006468149014246,48.12658579569279,0.2629817694564534,142.98850667363183,140.5804784753942,,,,,,,,,,,,,,,,,,,,,,,,,,,,,,,,,,,,,19779.212328767124,534.563588821972,0.0,58.63633947365919,3.6903798270675456,0.10969011114819326,,,,,,,,,,,,
1/1/80,12/31/20,40.952090000000005,-78.52301839,CURWENSVILLE DAM,1541200,data/1980_2020_npd/raw/npd_01541200_1980-01-01_2020-12-31.json,../data/npd/raw/npd_01541200_1980-01-01_2020-12-31.csv,693.9902054794521,/Users/galljf/OneDrive - Idaho National Laboratory/code/hat/data/npd/synthetic_profiles/npd_1541200_2017_synthetic.csv,3.290348929,583.2609239,1.189845191135137,37.0,,,,,,,0.7235637458980969,0.16985376035087518,0.3895966536467595,0.5170933352045906,0.23072114729673798,0.27842444312725806,0.45916091699271283,0.23953079859836449,0.24723123257606106,0.4098794864382801,0.2422249990175766,0.2206960716593115,0.4459032761809959,0.23174886687753274,0.24009277031233256,0.22394938630613676,0.1827926702449971,0.12058361407096276,0.11260407508623262,0.1462972320350986,0.0606306923049778,0.0,0.0,0.0,0.0,0.0,0.0,0.04012427103949939,0.09905201556310031,0.021604567414584244,0.2092697938787762,0.19710283172671736,0.11267951423315326,0.010618611875544985,0.025017997088335096,0.0057174999114296375,,,,,,,,,,,,,,,,,,,,,,,,,,,,,,,,,,,,,,,,,,,,,,,,,693.9902054794521,0.5384413686498165,0.0,0.14061845563730557,0.0,0.2611583429964106
1/1/80,12/31/20,42.6325426,-72.12297740000001,BIRCH HILL DAM,1166500,data/1980_2020_npd/raw/npd_01166500_1980-01-01_2020-12-31.json,../data/npd/raw/npd_01166500_1980-01-01_2020-12-31.csv,749.1535844748859,/Users/galljf/OneDrive - Idaho National Laboratory/code/hat/data/npd/synthetic_profiles/npd_1166500_2019_synthetic.csv,1.875712361,310.93462,2.4093604773726573,44.0,,,,,,,0.6612752052340118,0.7223390767104619,1.3725342592536076,0.6228433199134988,0.690282502457082,1.292765535381006,0.3151249006723387,0.7201240214625905,0.6540691662008031,0.8791422217540152,0.1730477904085018,1.8247362195996872,0.636584991163129,0.8298942277415216,1.3212875704130667,0.14503737359500515,0.5457445003517098,0.30103769588769436,0.07038835759450991,0.44364387082983314,0.14609716421602448,0.0,0.0,0.0,0.0,0.0,0.0,0.1349638002322171,0.5861916917122592,0.2801291173653251,0.24729895060872187,0.8089809843089458,0.5132905018990096,0.6841410697471229,0.5984209028604223,1.4199943517586486,749.1535844748859,2.0755870602586644,0.0,0.7572241863498401,0.2088122590904554,0.3648241024664478,,,,,,,,,,,,,,,,,,,,,,,,,,,,,,,,,,,,,,,,,,,,,,,,
1/1/80,12/31/20,39.99572574,-79.59445079,UNNAMED,3082500,data/1980_2020_npd/raw/npd_03082500_1980-01-01_2020-12-31.json,../data/npd/raw/npd_03082500_1980-01-01_2020-12-31.csv,2723.1657534246574,/Users/galljf/OneDrive - Idaho National Laboratory/code/hat/data/npd/synthetic_profiles/npd_3082500_2015_synthetic.csv,2.642440552,2529.456099,1.076581544349095,7.0,,,,,,,0.0,0.0,0.0,0.0,0.0,0.0,0.0,0.0,0.0,0.0,0.0,0.0,0.0,0.0,0.0,0.0,0.0,0.0,0.0,0.0,0.0,0.0,0.0,0.0,0.0,0.0,0.0,0.0,0.0,0.0,0.0,0.0,0.0,0.0,0.0,0.0,,,,,,,,,,,,,2723.1657534246574,0.0,0.0,0.0,0.0,0.0,,,,,,,,,,,,,,,,,,,,,,,,,,,,,,,,,,,,
1/1/80,12/31/20,43.27057007,-76.20613219,CAUGHDENOY DAM,4247000,data/1980_2020_npd/raw/npd_04247000_1980-01-01_2020-12-31.json,../data/npd/raw/npd_04247000_1980-01-01_2020-12-31.csv,3178.0402842465755,/Users/galljf/OneDrive - Idaho National Laboratory/code/hat/data/npd/synthetic_profiles/npd_4247000_2014_synthetic.csv,2.4608000430000003,2170.005825,1.4645307619146946,10.0,,,,,,,0.2265221591838643,1.0533589782911463,2.844089802380591,0.029868168183510204,0.5207838256536516,0.3750085768763978,0.08254432306213254,0.8934412578757226,1.0363819076740592,0.7095069654804875,1.5308347690995683,8.908185991654598,0.231492868683514,2.7542929179936655,2.90649934434101,0.13224624588518744,2.4425225598538893,1.6604123882639104,0.03224878402164504,0.7157440545781556,0.4048983026896212,0.11707165375104711,1.888203149146961,1.4698884108327992,0.0031547349540634053,0.129471594775252,0.03960914704500333,0.09230485331309249,2.0701097462852496,1.1589298502356093,0.10303955812709199,2.0126212050340535,1.2937090020989848,0.3251317934250451,1.0093648953490881,4.082179074407094,,,,,,,,,,,,,,,,,,,,,,,,,,,,,,,3178.0402842465755,12.555459530438656,0.0,2.1877989136816396,0.7894563376022603,0.17425080367450346,,,,,,,,,,,,,,,,,,
1/1/80,12/31/20,33.20871222,-87.59254284,WILLIAM BACON OLIVER REPLACEMENT,2465000,data/1980_2020_npd/raw/npd_02465000_1980-01-01_2020-12-31.json,../data/npd/raw/npd_02465000_1980-01-01_2020-12-31.csv,7958.855646630237,/Users/galljf/OneDrive - Idaho National Laboratory/code/hat/data/npd/synthetic_profiles/npd_2465000_2012_synthetic.csv,53.83912747,7159.456953,1.1116563307633645,28.0,,,,,,,0.0,0.0,0.0,0.0,0.0,0.0,0.0,0.0,0.0,0.0,0.0,0.0,0.0,0.0,0.0,0.0,0.0,0.0,0.0,0.0,0.0,0.0,0.0,0.0,0.0,0.0,0.0,0.0,0.0,0.0,0.0,0.0,0.0,0.0,0.0,0.0,,,,,,,,,,,,,,,,,,,7958.855646630237,0.0,0.0,0.0,0.0,0.0,,,,,,,,,,,,,,,,,,,,,,,,,,,,,,
1/1/80,12/31/20,38.11760167,-83.53235945,CAVE RUN LAKE DAM,3249500,data/1980_2020_npd/raw/npd_03249500_1980-01-01_2020-12-31.json,../data/npd/raw/npd_03249500_1980-01-01_2020-12-31.csv,800.0,/Users/galljf/OneDrive - Idaho National Laboratory/code/hat/data/npd/synthetic_profiles/npd_3249500_2010_synthetic.csv,12.64755252,1053.417196,0.7594332075057563,80.0,,,,,,,1.0,8.887759161818968e-16,4.66424082776864,1.0,8.88840005206907e-16,4.66424082776864,1.0,8.887759161818968e-16,4.66424082776864,1.0,8.887958535040654e-16,4.66424082776864,1.0,8.887759161818968e-16,4.66424082776864,1.0,8.887958535040654e-16,4.66424082776864,1.0,8.887759161818968e-16,4.66424082776864,1.0,8.887759161818968e-16,4.66424082776864,1.0,8.887958535040654e-16,4.66424082776864,1.0,8.887759161818968e-16,4.66424082776864,1.0,8.887958535040654e-16,4.66424082776864,1.0,8.887759161818968e-16,4.66424082776864,,,,,,,,,,,,,,,,,,,,,,,,,800.0,4.664240827768641,4.664240827768641,4.664240827768639,4.664240827768641,1.0,,,,,,,,,,,,,,,,,,,,,,,,
1/1/80,12/31/20,41.79868627,-72.93143393,PHELPS DAM - NEPAUG RESERVOIR,1188090,data/1980_2020_npd/raw/npd_01188090_1980-01-01_2020-12-31.json,../data/npd/raw/npd_01188090_1980-01-01_2020-12-31.csv,742.9689497716895,/Users/galljf/OneDrive - Idaho National Laboratory/code/hat/data/npd/synthetic_profiles/npd_1188090_2014_synthetic.csv,4.647284818,722.7397866,1.027989552459612,46.0,,,,,,,0.2014006523210127,0.020032266951304344,0.01038298134179698,0.21245517543007203,0.020278786497962945,0.010952884695440939,0.07157914108807151,0.01186871444507302,0.0036901811280864423,0.8492657186834099,0.013671654612274176,0.04378292726312907,0.6776609336833034,0.020681408714481438,0.03493603793935855,0.04283317068821231,0.010305313448791539,0.0022082153505483615,0.12254489406519596,0.01659842172299687,0.006317662499838219,0.057850497851021684,0.011552777360233676,0.002982416555649636,0.0,0.0,0.0,0.015728380265692475,0.006338330697584145,0.0008108587383077431,0.0,0.0,0.0,0.5665438777977466,0.024503616431137215,0.029207524626620008,,,,,,,,,,,,,,,,,,,,,,,,,,,,,,,742.9689497716895,0.051553861529939515,0.0,0.012122116705759054,0.0,0.23513498981486042,,,,,,,,,,,,,,,,,,
1/1/80,12/31/20,34.40473468,-78.29330392,LOCK AND DAM #1,2105769,data/1980_2020_npd/raw/npd_02105769_1980-01-01_2020-12-31.json,../data/npd/raw/npd_02105769_1980-01-01_2020-12-31.csv,4635.049771689498,/Users/galljf/OneDrive - Idaho National Laboratory/code/hat/data/npd/synthetic_profiles/npd_2105769_2013_synthetic.csv,16.570773499999998,5609.06143,0.8263503314296021,11.0,,,,,,,0.07475043802831816,3.7215949709478657,2.1666498566925054,0.061278121541235506,2.8207580785756075,1.776153247495439,0.08755210738312943,3.7236522079243146,2.537707683303756,0.04409640338958797,2.3401671870227934,1.2781392136927834,0.1349070258792029,3.6513523296665666,3.9102953239853218,0.31222537542432083,9.156872369581206,9.049887636278363,0.5213052128896668,10.2674978374691,15.110090249538908,0.08836589740098652,3.3456449328630287,2.5612954785337965,0.0,0.0,0.0,0.0,0.0,0.0,0.0,0.0,0.0,0.06482867878342166,3.635337441252231,1.879066548646221,,,,,,,,,,,,,,,,,,,,,,,,,,,,,,,,,,,,,4635.049771689498,28.985112513610964,0.0,3.3772365912074584,0.0,0.11651624914761191,,,,,,,,,,,,
1/1/80,12/31/20,40.1130698,-106.4142179,RITSCHARD,9041400,data/1980_2020_npd/raw/npd_09041400_1980-01-01_2020-12-31.json,../data/npd/raw/npd_09041400_1980-01-01_2020-12-31.csv,80.96956621004566,/Users/galljf/OneDrive - Idaho National Laboratory/code/hat/data/npd/synthetic_profiles/npd_9041400_2019_synthetic.csv,5.701006549,203.92508999999998,0.3970554393774972,122.0,,,,,,,0.0,0.0,0.0,0.0,0.0,0.0,0.0,0.0,0.0,0.0,0.0,0.0,0.0,0.0,0.0,0.0,0.0,0.0,0.0,0.0,0.0,0.0,0.0,0.0,0.0,0.0,0.0,0.0,0.0,0.0,0.0,0.0,0.0,0.0,0.0,0.0,80.96956621004566,0.0,0.0,0.0,0.0,0.0,,,,,,,,,,,,,,,,,,,,,,,,,,,,,,,,,,,,,,,,,,,,,,,,
1/1/80,12/31/20,34.23286575,-113.6013129,ALAMO DAM,9426000,data/1980_2020_npd/raw/npd_09426000_1980-01-01_2020-12-31.json,../data/npd/raw/npd_09426000_1980-01-01_2020-12-31.csv,89.93398793260472,/Users/galljf/OneDrive - Idaho National Laboratory/code/hat/data/npd/synthetic_profiles/npd_9426000_2012_synthetic.csv,3.8121678130000003,97.62018176,0.9212642950584559,185.0,,,,,,,0.0,0.0,0.0,0.0,0.0,0.0,0.02245178242272031,0.05645327118484018,0.03846439173271832,0.0,0.0,0.0,0.0,0.0,0.0,0.08041247452083727,0.4657450812365799,0.13776264449439457,0.15578436215025437,0.5903101499004629,0.2668897559560893,0.0,0.0,0.0,0.0,0.0,0.0,0.9073430434588707,0.41519866194117566,1.5544600247079288,0.9969732938770682,0.0021176126630308564,1.7080145620839182,0.9945726256802998,0.0008871585242227155,1.7039017375338577,,,,,,,,,,,,,,,,,,,89.93398793260472,1.7131999147557158,0.0,0.4531380038393383,0.0,0.2644980308115128,,,,,,,,,,,,,,,,,,,,,,,,,,,,,,
1/1/80,12/31/20,42.53940853,-92.44878063,CEDAR FALLS MILLDAM,5463050,data/1980_2020_npd/raw/npd_05463050_1980-01-01_2020-12-31.json,../data/npd/raw/npd_05463050_1980-01-01_2020-12-31.csv,5171.712557077625,/Users/galljf/OneDrive - Idaho National Laboratory/code/hat/data/npd/synthetic_profiles/npd_5463050_2017_synthetic.csv,2.324203538,2163.5559399999997,2.390376167984649,8.0,,,,,,,0.1351157167189928,9.645840952023601,6.931368985753472,0.30450648400680713,15.376510930309227,15.621030998157229,0.37726260078167867,8.204476481760073,19.35338355922917,0.3997739024781952,4.8622670227445,20.50820212658123,0.35313167519487915,7.281704180134187,18.11547909281001,0.08590376821537789,3.6483550672599416,4.4068205329937555,0.09747734338148577,7.199888415895775,5.0005391758625635,0.0,0.0,0.0,0.0,0.0,0.0,0.03949612164857323,3.8118562367343363,2.026131373168262,0.0,0.0,0.0,0.0,0.0,0.0,,,,,,,,,,,,,,,,,,,,,,,,,,,,,,,,,,,,,,,,,,,,,,,,,5171.712557077625,51.29950204215695,0.0,7.613900042540218,1.2507970711471743,0.14842054482874437
1/1/80,12/31/20,43.43881947,-75.59030046,ROME CITY DAM AND DIKE,4242500,data/1980_2020_npd/raw/npd_04242500_1980-01-01_2020-12-31.json,../data/npd/raw/npd_04242500_1980-01-01_2020-12-31.csv,625.9234817351598,/Users/galljf/OneDrive - Idaho National Laboratory/code/hat/data/npd/synthetic_profiles/npd_4242500_2011_synthetic.csv,1.041943839,162.1441254,3.8602908381111156,59.0,,,,,,,0.0,0.0,0.0,0.0,0.0,0.0,0.0,0.0,0.0,0.0,0.0,0.0,0.0,0.0,0.0,0.0,0.0,0.0,0.0,0.0,0.0,0.0,0.0,0.0,0.0,0.0,0.0,0.0,0.0,0.0,0.0,0.0,0.0,0.0,0.0,0.0,,,,,,,,,,,,,,,,,,,,,,,,,,,,,,,,,,,,,,,,,,,625.9234817351598,0.0,0.0,0.0,0.0,0.0,,,,,,
1/1/80,12/31/20,37.23289354,-82.34422805,JOHN W FLANNAGAN DAM,3209000,data/1980_2020_npd/raw/npd_03209000_1980-01-01_2020-12-31.json,../data/npd/raw/npd_03209000_1980-01-01_2020-12-31.csv,341.8259132420091,/Users/galljf/OneDrive - Idaho National Laboratory/code/hat/data/npd/synthetic_profiles/npd_3209000_2015_synthetic.csv,8.616109306,307.0954,1.1130935638958093,188.0,,,,,,,0.0,0.0,0.0,0.0,0.0,0.0,0.0,0.0,0.0,0.0,0.0,0.0,0.0,0.0,0.0,0.0,0.0,0.0,0.0,0.0,0.0,0.0,0.0,0.0,0.0,0.0,0.0,0.0,0.0,0.0,0.0,0.0,0.0,0.0,0.0,0.0,,,,,,,,,,,,,341.8259132420091,0.0,0.0,0.0,0.0,0.0,,,,,,,,,,,,,,,,,,,,,,,,,,,,,,,,,,,,
1/1/80,12/31/20,37.53140468,-87.26479544,GREEN RIVER LOCK & DAM 2,3320000,data/1980_2020_npd/raw/npd_03320000_1980-01-01_2020-12-31.json,../data/npd/raw/npd_03320000_1980-01-01_2020-12-31.csv,13050.392987249545,/Users/galljf/OneDrive - Idaho National Laboratory/code/hat/data/npd/synthetic_profiles/npd_3320000_2016_synthetic.csv,20.24526351,9689.812173,1.3468158880946706,14.0,13050.392987249545,307.9331505468969,0.0,60.82604861958386,5.0330364502136025,0.19753004349013834,0.3826934503212392,95.15675362488075,117.84399985108159,0.5714010231474971,71.3102791064558,175.95331728352912,0.38261712442907475,92.32969429533156,117.82049657863905,0.0366495874045511,22.31169735276464,11.285622915727293,0.31027120860074153,59.899495235810654,95.54279078841978,0.020709284926459612,17.52270805518053,6.37707535297807,0.4063074838270324,98.44787257632264,125.11554358564042,0.13403063184830583,50.84191991079684,41.27247473484007,0.0,0.0,0.0,0.00045728458993727646,0.396137913165926,0.14081308447593135,0.0007445804429948756,0.6344947656239409,0.22928100164701626,0.1249861280898962,55.54911557111421,38.48737219737975,,,,,,,,,,,,,,,,,,,,,,,,,,,,,,,,,,,,,,,,,,,,,,,,,,,,,,
1/1/80,12/31/20,43.01417,-74.78416,LOCK E-16 DAM AT ROCKY RIFT,1347000,data/1980_2020_npd/raw/npd_01347000_1980-01-01_2020-12-31.json,../data/npd/raw/npd_01347000_1980-01-01_2020-12-31.csv,3123.823630136986,/Users/galljf/OneDrive - Idaho National Laboratory/code/hat/data/npd/synthetic_profiles/npd_1347000_2018_synthetic.csv,1.6717838319999998,2644.547295,1.1812319015973531,4.0,,,,,,,0.15951142519071598,3.1382415793160034,2.7623624932355613,0.21298955442256173,4.554044616866,3.688477837147948,0.18237994770962745,2.6951342765858275,3.158391484929572,0.2673547672980389,2.1781877678067407,4.6299553821227395,0.08498155399333439,2.140437619483092,1.4716805212378146,5.765456422961091e-05,0.009481912039514246,0.0009984413693332566,0.0,0.0,0.0,0.0011984944681268288,0.1632067311959732,0.02075510367452065,0.011434979097121073,0.7636209876226703,0.19802692710602388,0.04479850773451174,1.633897749859929,0.7758047260300011,0.23705807632305612,2.0221353402523845,4.105287994075906,0.18365945624743021,2.7964391335405683,3.1805495616339527,,,,,,,3123.823630136986,17.31764661956226,0.0,1.9829076777899908,0.2534389751281756,0.11450214462455134,,,,,,,,,,,,,,,,,,,,,,,,,,,,,,,,,,,,,,,,,,
1/1/80,12/31/20,40.71402307,-79.50829225,CROOKED CREEK DAM,3039000,data/1980_2020_npd/raw/npd_03039000_1980-01-01_2020-12-31.json,../data/npd/raw/npd_03039000_1980-01-01_2020-12-31.csv,424.73784246575343,/Users/galljf/OneDrive - Idaho National Laboratory/code/hat/data/npd/synthetic_profiles/npd_3039000_2014_synthetic.csv,6.075349717000001,505.70280499999996,0.8398961569251202,80.0,,,,,,,0.4759317762291993,0.5496499948432405,0.5838633458042498,0.1875049549761044,0.4495229811999812,0.23002723464823135,0.44969752632176535,0.5396066694352857,0.5516797058569926,0.4350640574966464,0.5451404631457358,0.5337276663091193,0.41065331909967856,0.5654492725113632,0.5037810728983398,0.7509107896211524,0.4691935371262371,0.9212019619752779,0.050150077468793436,0.26556604016720997,0.061523086891283794,0.3913350995372531,0.5637430474211106,0.480081877189947,0.06849401887405343,0.3082434435126823,0.08402705813054462,0.0,0.0,0.0,0.0,0.0,0.0,0.289762813651199,0.4843145052249053,0.3554750792402813,,,,,,,,,,,,,,,,,,,,,,,,,,,,,,,424.73784246575343,1.2267794985873626,0.0,0.35955614347099357,0.0,0.2930894621935096,,,,,,,,,,,,,,,,,,
1/1/80,12/31/20,32.46965828,-84.99665091,EAGLE AND PHOENIX MILL LAKE DAM,2341460,data/1980_2020_npd/raw/npd_02341460_1980-01-01_2020-12-31.json,../data/npd/raw/npd_02341460_1980-01-01_2020-12-31.csv,5909.860045662101,/Users/galljf/OneDrive - Idaho National Laboratory/code/hat/data/npd/synthetic_profiles/npd_2341460_2014_synthetic.csv,21.86850276,8308.699929999999,0.7112857721968666,9.0,,,,,,,0.584763592002588,0.0,37.461664047510446,0.584763592002588,0.0,37.461664047510446,0.4398358696066317,14.502932982607769,28.177170755143948,0.30991663287374654,14.125970788847281,19.85416490054077,0.13210886010610487,11.524076407436787,8.463279524715269,0.07818876632063776,7.7046061067209575,5.009000793230075,0.049354864449120024,5.915556450179096,3.1618168032170653,0.053130337171460526,5.85075895087371,3.40368461557607,0.03551385705409231,4.887992786512302,2.2751214340064916,0.04305578027297286,5.821574129695227,2.758279068581955,0.054876476687145966,6.945690213763819,3.515547414169046,0.13831529173411727,12.979068834336381,8.860881666439258,,,,,,,,,,,,,,,,,,,,,,,,,,,,,,,5909.860045662101,64.06292142644998,0.0,13.231319727412021,2.3652028732509955,0.20653631512266846,,,,,,,,,,,,,,,,,,
1/1/80,12/31/20,28.97711269,-96.01223083,LCRA DAM BAY CITY,8162500,data/1980_2020_npd/raw/npd_08162500_1980-01-01_2020-12-31.json,../data/npd/raw/npd_08162500_1980-01-01_2020-12-31.csv,4147.390410958904,/Users/galljf/OneDrive - Idaho National Laboratory/code/hat/data/npd/synthetic_profiles/npd_8162500_2017_synthetic.csv,10.93561563,4124.1216,1.0056421253337688,9.0,,,,,,,0.0,0.0,0.0,0.0,0.0,0.0,0.0,0.0,0.0,0.0,0.0,0.0,0.0,0.0,0.0,0.0,0.0,0.0,0.0,0.0,0.0,0.0,0.0,0.0,0.0,0.0,0.0,0.0,0.0,0.0,0.0,0.0,0.0,0.0,0.0,0.0,,,,,,,,,,,,,,,,,,,,,,,,,,,,,,,,,,,,,,,,,,,,,,,,,4147.390410958904,0.0,0.0,0.0,0.0,0.0
1/1/80,12/31/20,41.94449167,-91.63053503,CEDAR RAPIDS MILLDAM IEL&P,5464730,data/1980_2020_npd/raw/npd_05464730_1980-01-01_2020-12-31.json,../data/npd/raw/npd_05464730_1980-01-01_2020-12-31.csv,10723.327625570777,/Users/galljf/OneDrive - Idaho National Laboratory/code/hat/data/npd/synthetic_profiles/npd_5464730_2019_synthetic.csv,2.27607102,3178.12547,3.3741045552776043,5.0,,,,,,,0.05234797504230794,11.987513952564404,6.949501063338474,0.010323093708260811,3.608410565072064,1.370451304840736,0.3498920029523558,43.527253896757486,46.450217885330076,0.13176712666128357,9.117803668860443,17.492859773574022,0.25938621708914084,18.858338254687972,34.43504338075069,0.180675759585719,16.16256032835624,23.98576797566004,0.05990617375642194,11.490584928525216,7.952896322815215,0.0,0.0,0.0,0.007334879824513765,2.7669847258707367,0.9737483656000262,0.2210840484024654,15.001322070701844,29.350205585189514,0.008931441236376078,2.221021569562043,1.1857012677028302,0.017232236685959152,4.552343889530519,2.287680604187389,10723.327625570777,132.75587179297472,0.0,14.514265337264659,2.2025112626088337,0.10933049620508563,,,,,,,,,,,,,,,,,,,,,,,,,,,,,,,,,,,,,,,,,,,,,,,,
1/1/80,12/31/20,40.55683434,-107.38632859999998,ELKHEAD CREEK,9246500,data/1980_2020_npd/raw/npd_09246500_1980-01-01_2020-12-31.json,../data/npd/raw/npd_09246500_1980-01-01_2020-12-31.csv,96.24554337899544,/Users/galljf/OneDrive - Idaho National Laboratory/code/hat/data/npd/synthetic_profiles/npd_9246500_2014_synthetic.csv,1.248413982,68.10007504,1.4132957022802635,80.0,,,,,,,0.0,0.0,0.0,0.0,0.0,0.0,0.0,0.0,0.0,0.0,0.0,0.0,0.0,0.0,0.0,0.0,0.0,0.0,0.0,0.0,0.0,0.0,0.0,0.0,0.0,0.0,0.0,0.0,0.0,0.0,0.0,0.0,0.0,0.0,0.0,0.0,,,,,,,,,,,,,,,,,,,,,,,,,,,,,,,96.24554337899544,0.0,0.0,0.0,0.0,0.0,,,,,,,,,,,,,,,,,,
1/1/80,12/31/20,43.3389236,-72.50748553,NORTH SPRINGFIELD DAM,1153000,data/1980_2020_npd/raw/npd_01153000_1980-01-01_2020-12-31.json,../data/npd/raw/npd_01153000_1980-01-01_2020-12-31.csv,393.8137785388128,/Users/galljf/OneDrive - Idaho National Laboratory/code/hat/data/npd/synthetic_profiles/npd_1153000_2018_synthetic.csv,1.614209629,254.7883,1.5456509523349888,46.0,,,,,,,0.27453643331928984,0.07117254949925274,0.04648883178997626,0.2641516189513351,0.0719629458468533,0.04473031150002808,0.2318128715054168,0.06910960827827692,0.03925420557071649,0.8005037529173926,0.057421576967199316,0.13555390032091078,0.2352062944775006,0.06945750301318812,0.03982883338180185,0.0,0.0,0.0,0.0,0.0,0.0,0.07313296757117359,0.04279055554650064,0.012384025634091283,0.009977868918201287,0.016586880792855564,0.001689609878559239,0.14987712047482013,0.05819399800921047,0.025379554031054546,0.5273761105040148,0.07852829741213262,0.08930362719020006,0.41040676493201084,0.07733992597275584,0.06949653577746834,,,,,,,393.8137785388128,0.16933574618094158,0.0,0.04182645045323085,0.0,0.24700307759318418,,,,,,,,,,,,,,,,,,,,,,,,,,,,,,,,,,,,,,,,,,
1/1/80,12/31/20,32.76149062,-97.33146676,NUTT DAM,8048000,data/1980_2020_npd/raw/npd_08048000_1980-01-01_2020-12-31.json,../data/npd/raw/npd_08048000_1980-01-01_2020-12-31.csv,210.08823315118397,/Users/galljf/OneDrive - Idaho National Laboratory/code/hat/data/npd/synthetic_profiles/npd_8048000_2012_synthetic.csv,1.73266595,530.91676,0.395708421695303,11.0,,,,,,,0.0,0.0,0.0,0.0,0.0,0.0,0.0,0.0,0.0,0.0,0.0,0.0,0.0,0.0,0.0,0.0,0.0,0.0,0.0,0.0,0.0,0.0,0.0,0.0,0.0,0.0,0.0,0.0,0.0,0.0,0.0,0.0,0.0,0.0,0.0,0.0,,,,,,,,,,,,,,,,,,,210.08823315118397,0.0,0.0,0.0,0.0,0.0,,,,,,,,,,,,,,,,,,,,,,,,,,,,,,
1/1/80,12/31/20,35.48602348,-97.66658649,OVERHOLSER,7241000,data/1980_2020_npd/raw/npd_07241000_1980-01-01_2020-12-31.json,../data/npd/raw/npd_07241000_1980-01-01_2020-12-31.csv,148.69535730593608,/Users/galljf/OneDrive - Idaho National Laboratory/code/hat/data/npd/synthetic_profiles/npd_7241000_2013_synthetic.csv,5.169359085,606.00688,0.2453690910339765,42.0,,,,,,,0.0,0.0,0.0,0.0,0.0,0.0,0.0,0.0,0.0,0.0,0.0,0.0,0.0,0.0,0.0,0.0,0.0,0.0,0.0,0.0,0.0,0.0,0.0,0.0,0.0,0.0,0.0,0.0,0.0,0.0,0.0,0.0,0.0,0.0,0.0,0.0,,,,,,,,,,,,,,,,,,,,,,,,,,,,,,,,,,,,,148.69535730593608,0.0,0.0,0.0,0.0,0.0,,,,,,,,,,,,
1/1/80,12/31/20,42.32911247,-75.22999393,EAST SIDNEY DAM,1500000,data/1980_2020_npd/raw/npd_01500000_1980-01-01_2020-12-31.json,../data/npd/raw/npd_01500000_1980-01-01_2020-12-31.csv,200.80407534246575,/Users/galljf/OneDrive - Idaho National Laboratory/code/hat/data/npd/synthetic_profiles/npd_1500000_2017_synthetic.csv,1.455300035,163.8781438,1.225325541809473,59.0,,,,,,,0.0,0.0,0.0,0.0,0.0,0.0,0.0,0.0,0.0,0.0,0.0,0.0,0.0,0.0,0.0,0.0,0.0,0.0,0.0,0.0,0.0,0.0,0.0,0.0,0.0,0.0,0.0,0.0,0.0,0.0,0.0,0.0,0.0,0.0,0.0,0.0,,,,,,,,,,,,,,,,,,,,,,,,,,,,,,,,,,,,,,,,,,,,,,,,,200.80407534246575,0.0,0.0,0.0,0.0,0.0
1/1/80,12/31/20,40.59449207,-79.09882492,TWO LICK CREEK,3042500,data/1980_2020_npd/raw/npd_03042500_1980-01-01_2020-12-31.json,../data/npd/raw/npd_03042500_1980-01-01_2020-12-31.csv,316.4776826484018,/Users/galljf/OneDrive - Idaho National Laboratory/code/hat/data/npd/synthetic_profiles/npd_3042500_2015_synthetic.csv,1.2678182690000002,134.8454871,2.346965326423607,63.0,,,,,,,0.0,0.0,0.0,0.0,0.0,0.0,0.0,0.0,0.0,0.0,0.0,0.0,0.0,0.0,0.0,0.0,0.0,0.0,0.0,0.0,0.0,0.0,0.0,0.0,0.0,0.0,0.0,0.0,0.0,0.0,0.0,0.0,0.0,0.0,0.0,0.0,,,,,,,,,,,,,316.4776826484018,0.0,0.0,0.0,0.0,0.0,,,,,,,,,,,,,,,,,,,,,,,,,,,,,,,,,,,,
1/1/80,12/31/20,43.32481,-83.74167,Frankenmuth Dam,4151500,data/1980_2020_npd/raw/npd_04151500_1980-01-01_2020-12-31.json,../data/npd/raw/npd_04151500_1980-01-01_2020-12-31.csv,644.9303652968036,/Users/galljf/OneDrive - Idaho National Laboratory/code/hat/data/npd/synthetic_profiles/npd_4151500_2014_synthetic.csv,1.024479752,589.1845857999999,1.0946151356303926,16.0,,,,,,,0.0,0.0,0.0,0.0,0.0,0.0,0.0,0.0,0.0,0.0,0.0,0.0,0.0,0.0,0.0,0.0,0.0,0.0,0.0,0.0,0.0,0.0,0.0,0.0,0.0,0.0,0.0,0.0,0.0,0.0,0.0,0.0,0.0,0.0,0.0,0.0,,,,,,,,,,,,,,,,,,,,,,,,,,,,,,,644.9303652968036,0.0,0.0,0.0,0.0,0.0,,,,,,,,,,,,,,,,,,
1/1/80,12/31/20,39.49045427,-79.63913772,Albright Bridge Dam,3070260,data/1980_2020_npd/raw/npd_03070260_1980-01-01_2020-12-31.json,../data/npd/raw/npd_03070260_1980-01-01_2020-12-31.csv,2506.139178082192,/Users/galljf/OneDrive - Idaho National Laboratory/code/hat/data/npd/synthetic_profiles/npd_3070260_2015_synthetic.csv,1.722746053,2061.356928,1.215771584261118,5.0,,,,,,,0.0,0.0,0.0,0.0,0.0,0.0,0.0,0.0,0.0,0.0,0.0,0.0,0.0,0.0,0.0,0.0,0.0,0.0,0.0,0.0,0.0,0.0,0.0,0.0,0.0,0.0,0.0,0.0,0.0,0.0,0.0,0.0,0.0,0.0,0.0,0.0,,,,,,,,,,,,,2506.139178082192,0.0,0.0,0.0,0.0,0.0,,,,,,,,,,,,,,,,,,,,,,,,,,,,,,,,,,,,
1/1/80,12/31/20,41.66303527,-86.17717538,BALL BAND DAM (IN-CHANNEL),4101225,data/1980_2020_npd/raw/npd_04101225_1980-01-01_2020-12-31.json,../data/npd/raw/npd_04101225_1980-01-01_2020-12-31.csv,4474.4676549999995,,,,,,,,,,,,,,,,,,,,,,,,,,,,,,,,,,,,,,,,,,,,,,,,,,,,,,,,,,,,,,,,,,,,,,,,,,,,,,,,,,,,,,,,,,,,,,,,,,,,,
1/1/80,12/31/20,40.63531094,-81.55800092,BEACH CITY DAM,3124500,data/1980_2020_npd/raw/npd_03124500_1980-01-01_2020-12-31.json,../data/npd/raw/npd_03124500_1980-01-01_2020-12-31.csv,342.0559474885844,/Users/galljf/OneDrive - Idaho National Laboratory/code/hat/data/npd/synthetic_profiles/npd_3124500_2015_synthetic.csv,1.978472955,241.03904,1.4190894034783097,55.0,,,,,,,0.0,0.0,0.0,0.0,0.0,0.0,0.0,0.0,0.0,0.0,0.0,0.0,0.0,0.0,0.0,0.0,0.0,0.0,0.0,0.0,0.0,0.0,0.0,0.0,0.0,0.0,0.0,0.0,0.0,0.0,0.0,0.0,0.0,0.0,0.0,0.0,,,,,,,,,,,,,342.0559474885844,0.0,0.0,0.0,0.0,0.0,,,,,,,,,,,,,,,,,,,,,,,,,,,,,,,,,,,,
1/1/80,12/31/20,39.92253434,-76.75402339,YORK INDIAN ROCK DAM,1575500,data/1980_2020_npd/raw/npd_01575500_1980-01-01_2020-12-31.json,../data/npd/raw/npd_01575500_1980-01-01_2020-12-31.csv,267.88532559198546,/Users/galljf/OneDrive - Idaho National Laboratory/code/hat/data/npd/synthetic_profiles/npd_1575500_2012_synthetic.csv,1.218079408,122.61742,2.18472485876791,66.0,,,,,,,0.0,0.0,0.0,0.0,0.0,0.0,0.0,0.0,0.0,0.0,0.0,0.0,0.0,0.0,0.0,0.0,0.0,0.0,0.0,0.0,0.0,0.0,0.0,0.0,0.0,0.0,0.0,0.0,0.0,0.0,0.0,0.0,0.0,0.0,0.0,0.0,,,,,,,,,,,,,,,,,,,267.88532559198546,0.0,0.0,0.0,0.0,0.0,,,,,,,,,,,,,,,,,,,,,,,,,,,,,,
1/1/80,12/31/20,31.02266342,-97.53181203,STILLHOUSE-HOLLOW DAM,8104100,data/1980_2020_npd/raw/npd_08104100_1980-01-01_2020-12-31.json,../data/npd/raw/npd_08104100_1980-01-01_2020-12-31.csv,168.09110388127854,/Users/galljf/OneDrive - Idaho National Laboratory/code/hat/data/npd/synthetic_profiles/npd_8104100_2017_synthetic.csv,10.11491428,238.70838999999998,0.7041692329342867,145.0,,,,,,,0.0,0.0,0.0,0.0,0.0,0.0,0.0,0.0,0.0,0.0,0.0,0.0,0.0,0.0,0.0,0.0,0.0,0.0,0.0,0.0,0.0,0.0,0.0,0.0,0.0,0.0,0.0,0.0,0.0,0.0,0.0,0.0,0.0,0.0,0.0,0.0,,,,,,,,,,,,,,,,,,,,,,,,,,,,,,,,,,,,,,,,,,,,,,,,,168.09110388127854,0.0,0.0,0.0,0.0,0.0
1/1/80,12/31/20,41.89822694,-77.13890786,TIOGA DAM,1518000,data/1980_2020_npd/raw/npd_01518000_1980-01-01_2020-12-31.json,../data/npd/raw/npd_01518000_1980-01-01_2020-12-31.csv,432.9192922374429,/Users/galljf/OneDrive - Idaho National Laboratory/code/hat/data/npd/synthetic_profiles/npd_1518000_2010_synthetic.csv,4.639088179,305.16292000000004,1.4186497240144473,101.0,,,,,,,0.0,0.0,0.0,0.0,0.0,0.0,0.0,0.0,0.0,0.0,0.0,0.0,0.0,0.0,0.0,0.0,0.0,0.0,0.0,0.0,0.0,0.0,0.0,0.0,0.0,0.0,0.0,0.0,0.0,0.0,0.0,0.0,0.0,0.0,0.0,0.0,,,,,,,,,,,,,,,,,,,,,,,,,432.9192922374429,0.0,0.0,0.0,0.0,0.0,,,,,,,,,,,,,,,,,,,,,,,,
1/1/80,12/31/20,37.59963274,-81.82077638,R D BAILEY DAM,3203600,data/1980_2020_npd/raw/npd_03203600_1980-01-01_2020-12-31.json,../data/npd/raw/npd_03203600_1980-01-01_2020-12-31.csv,1262.9502283105023,/Users/galljf/OneDrive - Idaho National Laboratory/code/hat/data/npd/synthetic_profiles/npd_3203600_2013_synthetic.csv,15.11098669,702.275896,1.7983676152121593,144.0,,,,,,,0.0,0.0,0.0,0.0,0.0,0.0,0.0,0.0,0.0,0.0,0.0,0.0,0.0,0.0,0.0,0.0,0.0,0.0,0.0,0.0,0.0,0.0,0.0,0.0,0.0,0.0,0.0,0.0,0.0,0.0,0.0,0.0,0.0,0.0,0.0,0.0,,,,,,,,,,,,,,,,,,,,,,,,,,,,,,,,,,,,,1262.9502283105023,0.0,0.0,0.0,0.0,0.0,,,,,,,,,,,,
1/1/80,12/31/20,40.21553154,-80.96267172,GEORGETOWN UPPER POND NO. 2 DAM,3111500,data/1980_2020_npd/raw/npd_03111500_1980-01-01_2020-12-31.json,../data/npd/raw/npd_03111500_1980-01-01_2020-12-31.csv,143.05779680365296,/Users/galljf/OneDrive - Idaho National Laboratory/code/hat/data/npd/synthetic_profiles/npd_3111500_2013_synthetic.csv,1.486376105,638.0368651,0.22421556594732406,15.0,,,,,,,0.8912007535690012,0.010701736444706166,0.1392399919100169,0.977475339734163,0.003805551064879415,0.15271941574529657,0.9878055606888861,0.0018744377180213573,0.15433339539736043,0.9426157107010478,0.006781328120679234,0.14727299478445374,0.7299242245073146,0.015835474371504524,0.11404236667025529,0.620720798305128,0.030548460900255446,0.09698057209698431,0.8633143501379941,0.019262030868793363,0.13488305821961888,0.6441227212992334,0.022586390040816216,0.10063685667184447,0.47559215819226686,0.016931010506790616,0.07430587103294176,0.5252859544758973,0.01998441630838503,0.08206996208066664,0.6088350012704702,0.0265097868530372,0.09512355135690737,0.9239141741897919,0.016217228274518304,0.14435109219168338,,,,,,,,,,,,,,,,,,,,,,,,,,,,,,,,,,,,,143.05779680365296,0.1562386379863359,0.004094035965213215,0.11956956640107326,0.12929630957140414,0.7653008752644812,,,,,,,,,,,,
1/1/80,12/31/20,39.11408747,-95.42617170000001,PERRY DAM,6890900,data/1980_2020_npd/raw/npd_06890900_1980-01-01_2020-12-31.json,../data/npd/raw/npd_06890900_1980-01-01_2020-12-31.csv,498.6678561643836,/Users/galljf/OneDrive - Idaho National Laboratory/code/hat/data/npd/synthetic_profiles/npd_6890900_2017_synthetic.csv,3.490848699,220.54223,2.2610991834279703,84.0,,,,,,,0.0,0.0,0.0,0.0,0.0,0.0,0.0,0.0,0.0,0.0,0.0,0.0,0.0,0.0,0.0,0.0,0.0,0.0,0.0,0.0,0.0,0.0,0.0,0.0,0.0,0.0,0.0,0.0,0.0,0.0,0.0,0.0,0.0,0.0,0.0,0.0,,,,,,,,,,,,,,,,,,,,,,,,,,,,,,,,,,,,,,,,,,,,,,,,,498.6678561643836,0.0,0.0,0.0,0.0,0.0
1/1/80,12/31/20,39.31293794,-80.03392405,TYGART DAM,3056000,data/1980_2020_npd/raw/npd_03056000_1980-01-01_2020-12-31.json,../data/npd/raw/npd_03056000_1980-01-01_2020-12-31.csv,2366.9920309653917,/Users/galljf/OneDrive - Idaho National Laboratory/code/hat/data/npd/synthetic_profiles/npd_3056000_2016_synthetic.csv,46.99301639,2359.5799920000004,1.003141253524153,133.0,2366.9920309653917,21.62849259758842,0.0,5.954955332322379,0.0,0.2753291892836932,0.15145931112645825,7.280157655280056,3.2758365895344435,0.6634523641863451,8.088691075273228,14.3494745476569,0.20088529788824452,7.882675896692589,4.344846178340241,0.3202568345401374,9.444411291086542,6.926672575178461,0.6112600781547305,7.960324546457082,13.220634075570908,0.12162548708979068,6.112385765250702,2.6305759471996235,0.15886485668946823,7.221643892652529,3.4360073769251094,0.0,0.0,0.0,0.0,0.0,0.0,0.19555050980213418,7.270621878498546,4.229462753710101,6.896480444711469e-05,0.013415198816411704,0.0014916047624785526,0.8842969180614305,3.6456613697672298,19.126009346361904,,,,,,,,,,,,,,,,,,,,,,,,,,,,,,,,,,,,,,,,,,,,,,,,,,,,,,
1/1/80,12/31/20,42.66939773,-89.03152557,MONTEREY,5430500,data/1980_2020_npd/raw/npd_05430500_1980-01-01_2020-12-31.json,../data/npd/raw/npd_05430500_1980-01-01_2020-12-31.csv,3367.590505464481,/Users/galljf/OneDrive - Idaho National Laboratory/code/hat/data/npd/synthetic_profiles/npd_5430500_2016_synthetic.csv,1.281778457,1431.8192099999999,2.3519662831346433,7.0,3367.590505464481,6.809575677997685,0.0,2.4802802942872457,2.5525006471269895,0.36423419190438566,0.5135172982464333,1.2363366586998137,3.4968349043699956,0.1571097020253842,0.326226295959244,1.0698504056895202,0.5757578724432167,1.139737945746565,3.9206668046050224,0.8514728911573166,0.9500141802115522,5.7981690900992335,0.25419273043581336,1.1154912493817057,1.7309446346995363,0.12607424954337793,0.43967984090929474,0.858512143312397,0.032278169401434055,0.2785707439227825,0.21980063728629445,0.04204855988053341,0.26568778869841747,0.2863328506573096,0.27386960740283883,1.1315512652499191,1.864935817513146,0.5344200088690497,0.5725959706627313,3.639173494229988,0.5999011601526341,1.0272242172299753,4.085072349377971,0.40952715525848654,0.6160237289594512,2.788706155927772,,,,,,,,,,,,,,,,,,,,,,,,,,,,,,,,,,,,,,,,,,,,,,,,,,,,,,
1/1/80,12/31/20,41.97145353,-71.47084333,MANVILLE,1113895,data/1980_2020_npd/raw/npd_01113895_1980-01-01_2020-12-31.json,../data/npd/raw/npd_01113895_1980-01-01_2020-12-31.csv,900.4755707762557,/Users/galljf/OneDrive - Idaho National Laboratory/code/hat/data/npd/synthetic_profiles/npd_1113895_2017_synthetic.csv,1.720863999,815.0445434,1.1048176177216964,15.0,,,,,,,0.7083174273588293,0.07748606712386566,0.28763576481344755,0.46655168370329203,0.15055648451442888,0.18945877255539376,0.20323606689484763,0.12912282016565546,0.08253074014704716,0.5547970195593266,0.1284934784570554,0.2252937156046087,0.6055422173445162,0.12004311116164777,0.24590048484644234,0.32540570024524246,0.14456235104977636,0.13214176843524064,0.07706617261791503,0.08003208060796843,0.031295273342144526,0.01208943898588396,0.03322664468802781,0.004909317340724748,0.0007320847035009978,0.006439957694930809,0.0002972872549316228,0.11855690211013155,0.11159308584710935,0.04814395904321758,0.31064522914808956,0.12297690310026316,0.12614778998850457,0.06311536757368102,0.06924957176756347,0.025630086628294666,,,,,,,,,,,,,,,,,,,,,,,,,,,,,,,,,,,,,,,,,,,,,,,,,900.4755707762557,0.4060831397103732,0.0,0.11596897775630265,0.00995229982387255,0.28557939598037513
1/1/80,12/31/20,44.16216,-91.81022,LOCK & DAM NO 5,5378500,data/1980_2020_npd/raw/npd_05378500_1980-01-01_2020-12-31.json,../data/npd/raw/npd_05378500_1980-01-01_2020-12-31.csv,48883.24200913242,/Users/galljf/OneDrive - Idaho National Laboratory/code/hat/data/npd/synthetic_profiles/npd_5378500_2018_synthetic.csv,25.25088937,28206.67508,1.733038079479037,7.0,,,,,,,0.01052437564623635,10.713767621248541,29.530409899706022,0.0010324353517485762,4.927332591053227,2.896916658707978,0.06644003958608864,195.85745334346996,186.42451283383534,0.38390738318754686,618.5792249228211,1077.2080710655746,0.5948534825326451,716.7055506603186,1669.1030194972702,0.507444300828298,703.4734072388268,1423.8410627321355,0.6010980262698122,385.0154336571438,1686.6246229057474,0.0818208267529806,192.41958888909804,229.5815574781782,0.2340687063120143,281.49934469046127,656.7748125333742,0.5602182006960038,245.5706528631743,1571.9196706690077,0.2905521881755614,264.7512740313883,815.2621592473477,0.11444810745186881,91.94176291084882,321.1306436508572,,,,,,,48883.24200913242,2805.9061071491183,0.0,810.4039572021081,655.5848936263185,0.288820768142346,,,,,,,,,,,,,,,,,,,,,,,,,,,,,,,,,,,,,,,,,,
